run_id,component,fixture_id,pair_role,expected_class,replication,observed_statistic,permutation_p_value,null_statistics_path,residual_sample_path,seed_namespace,fixture_seed,residual_seed,evaluation_seed,left_seed,right_seed,permutation_seed,elapsed_seconds,warnings,exception_text
reference-confirmation-20260820-001,reference,reference,,,0,0.05980464691768234,0.285,reference/null_statistics/replication-0.npy,,reference-confirmation,,,,6652621220663649132,6094816661423464219,15510140285318160063,0.29268680000677705,,
reference-confirmation-20260820-001,reference,reference,,,1,0.06542398992388541,0.18,reference/null_statistics/replication-1.npy,,reference-confirmation,,,,356913597461172008,2062742977091036302,1418632321811897616,0.3050727000008919,,
reference-confirmation-20260820-001,reference,reference,,,2,0.057278696057258785,0.325,reference/null_statistics/replication-2.npy,,reference-confirmation,,,,2962407890613255903,15076498610652568781,8290436813880894568,0.2739251999955741,,
reference-confirmation-20260820-001,reference,reference,,,3,0.058966226403278595,0.255,reference/null_statistics/replication-3.npy,,reference-confirmation,,,,2108280374637066992,5848795036019915173,13047328357337379200,0.27262870000413386,,
reference-confirmation-20260820-001,reference,reference,,,4,0.06870480491587642,0.11,reference/null_statistics/replication-4.npy,,reference-confirmation,,,,5985563585883063421,17433218557875844135,5185667605336479032,0.27626100000634324,,
reference-confirmation-20260820-001,reference,reference,,,5,0.058371817060167704,0.315,reference/null_statistics/replication-5.npy,,reference-confirmation,,,,7908721381037147410,8888293259762044748,4018944219613093884,0.2692433999982313,,
reference-confirmation-20260820-001,reference,reference,,,6,0.0754240933983453,0.08,reference/null_statistics/replication-6.npy,,reference-confirmation,,,,15057942566514526339,8282402364726476437,5866610373084861729,0.3331246000016108,,
reference-confirmation-20260820-001,reference,reference,,,7,0.04883467617040299,0.67,reference/null_statistics/replication-7.npy,,reference-confirmation,,,,4194582874983143492,12030476311520935280,10005927187096257200,0.28698090000398224,,
reference-confirmation-20260820-001,reference,reference,,,8,0.043860075873883964,0.835,reference/null_statistics/replication-8.npy,,reference-confirmation,,,,12069211820450356818,7132717060469451896,17903707033244850557,0.27962639999896055,,
reference-confirmation-20260820-001,reference,reference,,,9,0.04943182468714535,0.705,reference/null_statistics/replication-9.npy,,reference-confirmation,,,,1677037658551235103,9710119419964903303,15347983226641318937,0.31854930000554305,,
reference-confirmation-20260820-001,reference,reference,,,10,0.0743367472262743,0.065,reference/null_statistics/replication-10.npy,,reference-confirmation,,,,3628651761232934133,9561347799968936329,16069813856593355008,0.3286725999932969,,
reference-confirmation-20260820-001,reference,reference,,,11,0.054060504862898054,0.405,reference/null_statistics/replication-11.npy,,reference-confirmation,,,,17345050657000094577,11730055668944537304,3982164314857006222,0.27212409999629017,,
reference-confirmation-20260820-001,reference,reference,,,12,0.06799834421685766,0.1,reference/null_statistics/replication-12.npy,,reference-confirmation,,,,5176901752865170891,1083560162278021880,11558302715378044934,0.26900000000023283,,
reference-confirmation-20260820-001,reference,reference,,,13,0.05019495999494833,0.62,reference/null_statistics/replication-13.npy,,reference-confirmation,,,,9648726296673533400,6192433977232893507,8759683220164559831,0.27759530000184895,,
reference-confirmation-20260820-001,reference,reference,,,14,0.04056990278354666,0.975,reference/null_statistics/replication-14.npy,,reference-confirmation,,,,7243071640603908605,6720804929639548245,13861136952622992048,0.2886565000007977,,
reference-confirmation-20260820-001,reference,reference,,,15,0.04995687813493904,0.635,reference/null_statistics/replication-15.npy,,reference-confirmation,,,,9471973250704144053,16494607579711716716,8900157245360280902,0.31360229999700096,,
reference-confirmation-20260820-001,reference,reference,,,16,0.0503387286406765,0.65,reference/null_statistics/replication-16.npy,,reference-confirmation,,,,12500556819013646657,5725031861570670813,6996990974518715909,0.29275960000086343,,
reference-confirmation-20260820-001,reference,reference,,,17,0.04781588485300567,0.73,reference/null_statistics/replication-17.npy,,reference-confirmation,,,,8846472826782538194,5713580931070165217,6048140526666359323,0.47243429999798536,,
reference-confirmation-20260820-001,reference,reference,,,18,0.043190797311035076,0.89,reference/null_statistics/replication-18.npy,,reference-confirmation,,,,7441006482104114775,13909909759297892587,85530741927004105,0.29062400000111666,,
reference-confirmation-20260820-001,reference,reference,,,19,0.0662389250375726,0.11,reference/null_statistics/replication-19.npy,,reference-confirmation,,,,6780555801160080034,11536077629014638909,9114243507131362496,0.26705480000237003,,
reference-confirmation-20260820-001,reference,reference,,,20,0.08674117798012346,0.01,reference/null_statistics/replication-20.npy,,reference-confirmation,,,,2321584049913275863,18237452286218674927,207986111245177606,0.2699284999980591,,
reference-confirmation-20260820-001,reference,reference,,,21,0.057033890341556884,0.375,reference/null_statistics/replication-21.npy,,reference-confirmation,,,,12033179719271073540,11469999260353774569,5091746455346462991,0.263044200000877,,
reference-confirmation-20260820-001,reference,reference,,,22,0.03735619608949933,0.99,reference/null_statistics/replication-22.npy,,reference-confirmation,,,,12992759607948153350,17401800715018240883,15750079188623341708,0.26521969999885187,,
reference-confirmation-20260820-001,reference,reference,,,23,0.04553048797226696,0.74,reference/null_statistics/replication-23.npy,,reference-confirmation,,,,16343673610913944842,14166239143952780156,788233963642342640,0.26397849999921164,,
reference-confirmation-20260820-001,reference,reference,,,24,0.0779110537344738,0.04,reference/null_statistics/replication-24.npy,,reference-confirmation,,,,17989580835707902370,14280340895369948328,11125851316732691222,0.26720940000086557,,
reference-confirmation-20260820-001,reference,reference,,,25,0.04499945480574594,0.845,reference/null_statistics/replication-25.npy,,reference-confirmation,,,,8005205365701570071,7661408542411344962,2535447140428933454,0.26621910000540083,,
reference-confirmation-20260820-001,reference,reference,,,26,0.04406324470593955,0.895,reference/null_statistics/replication-26.npy,,reference-confirmation,,,,688859266271512050,9309269597180803876,9944162828684924791,0.26068060000397963,,
reference-confirmation-20260820-001,reference,reference,,,27,0.08004470262105962,0.035,reference/null_statistics/replication-27.npy,,reference-confirmation,,,,7424194634275970245,11694676343366904817,17166920039892667967,0.26402790000429377,,
reference-confirmation-20260820-001,reference,reference,,,28,0.052450421980484316,0.525,reference/null_statistics/replication-28.npy,,reference-confirmation,,,,19399053234962177,5283944618734174321,11473390368449748996,0.2822639000005438,,
reference-confirmation-20260820-001,reference,reference,,,29,0.06131577775848604,0.23,reference/null_statistics/replication-29.npy,,reference-confirmation,,,,7244327541735307015,677447142604755477,9876367006671909387,0.2606878000005963,,
reference-confirmation-20260820-001,fixture,F1,target,null-like,0,0.05170781040034562,0.535,fixtures/F1/replication-0/target-null-statistics.npy,fixtures/F1/replication-0/target-residual-sample.csv,reference-confirmation,897330631869951475,1647445817162977666,11535651418932932657,,,4425057463910645508,1.041449600001215,,
reference-confirmation-20260820-001,fixture,F1,null-control,null-like,0,0.05207818868778232,0.56,fixtures/F1/replication-0/null-control-null-statistics.npy,fixtures/F1/replication-0/null-control-residual-sample.csv,reference-confirmation,897330631869951475,16568852528993755436,10933820384234295983,,,12827406248148826127,2.0715577000009944,,
reference-confirmation-20260820-001,fixture,F1,target,null-like,1,0.05061311549676009,0.585,fixtures/F1/replication-1/target-null-statistics.npy,fixtures/F1/replication-1/target-residual-sample.csv,reference-confirmation,10192130260604476055,15883184557361507759,7918180427910100778,,,12791989263637032091,1.021597800005111,,
reference-confirmation-20260820-001,fixture,F1,null-control,null-like,1,0.05036583948514088,0.585,fixtures/F1/replication-1/null-control-null-statistics.npy,fixtures/F1/replication-1/null-control-residual-sample.csv,reference-confirmation,10192130260604476055,18420789819880380173,13584113495979679581,,,134588804308956321,1.9926945000042906,,
reference-confirmation-20260820-001,fixture,F1,target,null-like,2,0.05199793853637292,0.625,fixtures/F1/replication-2/target-null-statistics.npy,fixtures/F1/replication-2/target-residual-sample.csv,reference-confirmation,17290795080028218379,1020387788361239025,618715059175216710,,,7186199505108907908,0.9516727999944123,,
reference-confirmation-20260820-001,fixture,F1,null-control,null-like,2,0.04401982008503997,0.87,fixtures/F1/replication-2/null-control-null-statistics.npy,fixtures/F1/replication-2/null-control-residual-sample.csv,reference-confirmation,17290795080028218379,6332040008973207704,11482455560519336801,,,6906006912490786742,1.9015153000000282,,
reference-confirmation-20260820-001,fixture,F1,target,null-like,3,0.05411970679883809,0.48,fixtures/F1/replication-3/target-null-statistics.npy,fixtures/F1/replication-3/target-residual-sample.csv,reference-confirmation,17435076768919462791,8151155922484848150,16610962760086072806,,,6532840254640404610,0.9648672999974224,,
reference-confirmation-20260820-001,fixture,F1,null-control,null-like,3,0.05284838187283896,0.525,fixtures/F1/replication-3/null-control-null-statistics.npy,fixtures/F1/replication-3/null-control-residual-sample.csv,reference-confirmation,17435076768919462791,1232973040589481464,12952166463549206764,,,14696327748431315192,1.9291534000003594,,
reference-confirmation-20260820-001,fixture,F1,target,null-like,4,0.06228727986910254,0.23,fixtures/F1/replication-4/target-null-statistics.npy,fixtures/F1/replication-4/target-residual-sample.csv,reference-confirmation,12257590198142276070,9615421507508387148,10125588214824163701,,,13403805909888108534,1.0553828999982215,,
reference-confirmation-20260820-001,fixture,F1,null-control,null-like,4,0.05482205531427491,0.46,fixtures/F1/replication-4/null-control-null-statistics.npy,fixtures/F1/replication-4/null-control-residual-sample.csv,reference-confirmation,12257590198142276070,18125371544463679209,7572236004072436403,,,7682311077427377150,2.120667399998638,,
reference-confirmation-20260820-001,fixture,F1,target,null-like,5,0.050264587759189926,0.575,fixtures/F1/replication-5/target-null-statistics.npy,fixtures/F1/replication-5/target-residual-sample.csv,reference-confirmation,756866049307860241,1699620888593874634,9435852906179483824,,,6483387004443135532,0.9968426000050385,,
reference-confirmation-20260820-001,fixture,F1,null-control,null-like,5,0.04193706673721945,0.94,fixtures/F1/replication-5/null-control-null-statistics.npy,fixtures/F1/replication-5/null-control-residual-sample.csv,reference-confirmation,756866049307860241,8590980097017534581,107113655183947657,,,3388215430125418859,1.9826579000000493,,
reference-confirmation-20260820-001,fixture,F1,target,null-like,6,0.0478020409088666,0.74,fixtures/F1/replication-6/target-null-statistics.npy,fixtures/F1/replication-6/target-residual-sample.csv,reference-confirmation,14968547087685918875,15487238868726799276,13418877266644169392,,,15059255503680680419,1.0854776999985916,,
reference-confirmation-20260820-001,fixture,F1,null-control,null-like,6,0.039003013992004266,0.965,fixtures/F1/replication-6/null-control-null-statistics.npy,fixtures/F1/replication-6/null-control-residual-sample.csv,reference-confirmation,14968547087685918875,8191022507450817851,13949660478479639409,,,3141435900463970035,2.1889106999951764,,
reference-confirmation-20260820-001,fixture,F1,target,null-like,7,0.04466180377250528,0.825,fixtures/F1/replication-7/target-null-statistics.npy,fixtures/F1/replication-7/target-residual-sample.csv,reference-confirmation,12187267130628185094,6844530937463426684,520578027902442928,,,4859520447597461647,1.0815464999977848,,
reference-confirmation-20260820-001,fixture,F1,null-control,null-like,7,0.06987833031465122,0.115,fixtures/F1/replication-7/null-control-null-statistics.npy,fixtures/F1/replication-7/null-control-residual-sample.csv,reference-confirmation,12187267130628185094,4143585309788620093,5196813800276908031,,,13256902698243349667,2.1837177999987034,,
reference-confirmation-20260820-001,fixture,F1,target,null-like,8,0.0682031881704741,0.145,fixtures/F1/replication-8/target-null-statistics.npy,fixtures/F1/replication-8/target-residual-sample.csv,reference-confirmation,2659601130644542458,16419703456941502553,3916694965942583752,,,17224002119068380733,1.0125287999981083,,
reference-confirmation-20260820-001,fixture,F1,null-control,null-like,8,0.05271547746402311,0.545,fixtures/F1/replication-8/null-control-null-statistics.npy,fixtures/F1/replication-8/null-control-residual-sample.csv,reference-confirmation,2659601130644542458,174932927179013350,10596846638655692684,,,12482934017504443441,1.9890321999992011,,
reference-confirmation-20260820-001,fixture,F1,target,null-like,9,0.04392779408869402,0.895,fixtures/F1/replication-9/target-null-statistics.npy,fixtures/F1/replication-9/target-residual-sample.csv,reference-confirmation,11688621606389118811,8411492574372403408,6770379733528362665,,,5767021896322929762,1.0020452000026125,,
reference-confirmation-20260820-001,fixture,F1,null-control,null-like,9,0.053842352943636956,0.515,fixtures/F1/replication-9/null-control-null-statistics.npy,fixtures/F1/replication-9/null-control-residual-sample.csv,reference-confirmation,11688621606389118811,16602405498409745098,8467587818343181765,,,7918424663680403052,2.01750880000327,,
reference-confirmation-20260820-001,fixture,F2,target,non-null,0,0.4937848091628077,0.005,fixtures/F2/replication-0/target-null-statistics.npy,fixtures/F2/replication-0/target-residual-sample.csv,reference-confirmation,18130864456463404520,4841543912631891645,5077691484878863149,,,1894947475288568313,0.998947500003851,,
reference-confirmation-20260820-001,fixture,F2,null-control,null-like,0,0.05060826805387063,0.525,fixtures/F2/replication-0/null-control-null-statistics.npy,fixtures/F2/replication-0/null-control-residual-sample.csv,reference-confirmation,18130864456463404520,15757868983990519323,14928025926617849385,,,344657294050752873,1.9442253000015626,,
reference-confirmation-20260820-001,fixture,F2,target,non-null,1,0.5355634363190713,0.005,fixtures/F2/replication-1/target-null-statistics.npy,fixtures/F2/replication-1/target-residual-sample.csv,reference-confirmation,7874725429588780676,712208994579373919,9766531703787009870,,,3666721051919321429,0.9728011999977753,,
reference-confirmation-20260820-001,fixture,F2,null-control,null-like,1,0.046731688581229114,0.77,fixtures/F2/replication-1/null-control-null-statistics.npy,fixtures/F2/replication-1/null-control-residual-sample.csv,reference-confirmation,7874725429588780676,10242805835012310775,4829744739222709456,,,11982661033527443298,1.9324360999962664,,
reference-confirmation-20260820-001,fixture,F2,target,non-null,2,0.5248718738067548,0.005,fixtures/F2/replication-2/target-null-statistics.npy,fixtures/F2/replication-2/target-residual-sample.csv,reference-confirmation,18275786587804313801,10347845817177679882,17635942062870866528,,,14568438148652633925,0.9866794999979902,,
reference-confirmation-20260820-001,fixture,F2,null-control,null-like,2,0.05185775428537486,0.545,fixtures/F2/replication-2/null-control-null-statistics.npy,fixtures/F2/replication-2/null-control-residual-sample.csv,reference-confirmation,18275786587804313801,11037417831515750499,16444083026992321086,,,11689637233088374936,1.957284999996773,,
reference-confirmation-20260820-001,fixture,F2,target,non-null,3,0.5071908505598514,0.005,fixtures/F2/replication-3/target-null-statistics.npy,fixtures/F2/replication-3/target-residual-sample.csv,reference-confirmation,1649935734345182070,11852316597818859305,17916457810016534248,,,1550045551376709677,0.9866564999974798,,
reference-confirmation-20260820-001,fixture,F2,null-control,null-like,3,0.06407684344817065,0.155,fixtures/F2/replication-3/null-control-null-statistics.npy,fixtures/F2/replication-3/null-control-residual-sample.csv,reference-confirmation,1649935734345182070,16317091154858245522,2608174792395949370,,,15070711481879311684,1.9534902999948827,,
reference-confirmation-20260820-001,fixture,F2,target,non-null,4,0.5439203824820072,0.005,fixtures/F2/replication-4/target-null-statistics.npy,fixtures/F2/replication-4/target-residual-sample.csv,reference-confirmation,9301855435032441325,6924050220181393862,346004269448234492,,,15154513299328560776,0.974208899999212,,
reference-confirmation-20260820-001,fixture,F2,null-control,null-like,4,0.05913481727670148,0.325,fixtures/F2/replication-4/null-control-null-statistics.npy,fixtures/F2/replication-4/null-control-residual-sample.csv,reference-confirmation,9301855435032441325,481228835731271785,8466637768519869970,,,8714458393010935897,1.9242353000008734,,
reference-confirmation-20260820-001,fixture,F2,target,non-null,5,0.5144360823403885,0.005,fixtures/F2/replication-5/target-null-statistics.npy,fixtures/F2/replication-5/target-residual-sample.csv,reference-confirmation,11020837589412551626,7454022603668550542,13974140424853170895,,,3247456062121304805,0.9861573000016506,,
reference-confirmation-20260820-001,fixture,F2,null-control,null-like,5,0.04514585860153783,0.805,fixtures/F2/replication-5/null-control-null-statistics.npy,fixtures/F2/replication-5/null-control-residual-sample.csv,reference-confirmation,11020837589412551626,5764017810928902161,76845691825838492,,,1941246901003855350,1.972690100003092,,
reference-confirmation-20260820-001,fixture,F2,target,non-null,6,0.5061404456165065,0.005,fixtures/F2/replication-6/target-null-statistics.npy,fixtures/F2/replication-6/target-residual-sample.csv,reference-confirmation,13047276361414692256,3015412553122097059,13316665591732318836,,,2851738572808250742,1.0442089999996824,,
reference-confirmation-20260820-001,fixture,F2,null-control,null-like,6,0.05727856661757919,0.34,fixtures/F2/replication-6/null-control-null-statistics.npy,fixtures/F2/replication-6/null-control-residual-sample.csv,reference-confirmation,13047276361414692256,14025928053273631300,10026968908877131389,,,579671376084137846,2.1325061000025016,,
reference-confirmation-20260820-001,fixture,F2,target,non-null,7,0.5406825705364509,0.005,fixtures/F2/replication-7/target-null-statistics.npy,fixtures/F2/replication-7/target-residual-sample.csv,reference-confirmation,4778510046947522197,6844741637760269670,11884350231572891973,,,1002363817374090851,1.1627656999989995,,
reference-confirmation-20260820-001,fixture,F2,null-control,null-like,7,0.05432146414689844,0.48,fixtures/F2/replication-7/null-control-null-statistics.npy,fixtures/F2/replication-7/null-control-residual-sample.csv,reference-confirmation,4778510046947522197,3660157183611643294,11995650326012561567,,,1831990670391019643,2.241561399998318,,
reference-confirmation-20260820-001,fixture,F2,target,non-null,8,0.5164354904649601,0.005,fixtures/F2/replication-8/target-null-statistics.npy,fixtures/F2/replication-8/target-residual-sample.csv,reference-confirmation,87880036310795356,5960506064151330157,8824099934332897799,,,3904842213681416903,1.1057368999972823,,
reference-confirmation-20260820-001,fixture,F2,null-control,null-like,8,0.06256391609282999,0.195,fixtures/F2/replication-8/null-control-null-statistics.npy,fixtures/F2/replication-8/null-control-residual-sample.csv,reference-confirmation,87880036310795356,4779254518795672802,18282617646889055059,,,17403162834678930794,2.14442379999673,,
reference-confirmation-20260820-001,fixture,F2,target,non-null,9,0.48749878760319665,0.005,fixtures/F2/replication-9/target-null-statistics.npy,fixtures/F2/replication-9/target-residual-sample.csv,reference-confirmation,10002931642210782706,2280175121728490179,16973016129804696097,,,10244830277888169740,1.0933891999957268,,
reference-confirmation-20260820-001,fixture,F2,null-control,null-like,9,0.05327624482844352,0.52,fixtures/F2/replication-9/null-control-null-statistics.npy,fixtures/F2/replication-9/null-control-residual-sample.csv,reference-confirmation,10002931642210782706,15531442290142462730,13168213968193572400,,,3054340237535101354,2.0938867000004393,,
reference-confirmation-20260820-001,fixture,F3,target,non-null,0,0.3106326938984873,0.005,fixtures/F3/replication-0/target-null-statistics.npy,fixtures/F3/replication-0/target-residual-sample.csv,reference-confirmation,11351729225835700292,2801191362909484444,17399159653948383965,,,14525454130766576371,1.0861047000071267,,
reference-confirmation-20260820-001,fixture,F3,null-control,null-like,0,0.06500085209394696,0.13,fixtures/F3/replication-0/null-control-null-statistics.npy,fixtures/F3/replication-0/null-control-residual-sample.csv,reference-confirmation,11351729225835700292,10467212746006930490,5907164861184749409,,,1704196122394550783,2.122418500002823,,
reference-confirmation-20260820-001,fixture,F3,target,non-null,1,0.32471236729490754,0.005,fixtures/F3/replication-1/target-null-statistics.npy,fixtures/F3/replication-1/target-residual-sample.csv,reference-confirmation,5541213693635669038,4659683977040189648,137955112626560796,,,11411369086011644634,1.1046292000028188,,
reference-confirmation-20260820-001,fixture,F3,null-control,null-like,1,0.05501560732904942,0.445,fixtures/F3/replication-1/null-control-null-statistics.npy,fixtures/F3/replication-1/null-control-residual-sample.csv,reference-confirmation,5541213693635669038,17255322736876326698,13805127142870170556,,,9424079518171650731,2.1354535999998916,,
reference-confirmation-20260820-001,fixture,F3,target,non-null,2,0.33842808178752337,0.005,fixtures/F3/replication-2/target-null-statistics.npy,fixtures/F3/replication-2/target-residual-sample.csv,reference-confirmation,13388666283435157259,17765226221793286555,1307303756732665766,,,13461673848266065934,0.9711946000024909,,
reference-confirmation-20260820-001,fixture,F3,null-control,null-like,2,0.05259152779069037,0.465,fixtures/F3/replication-2/null-control-null-statistics.npy,fixtures/F3/replication-2/null-control-residual-sample.csv,reference-confirmation,13388666283435157259,14438851537325075079,9081470746519907897,,,821810371058972599,2.029460800004017,,
reference-confirmation-20260820-001,fixture,F3,target,non-null,3,0.327295099372324,0.005,fixtures/F3/replication-3/target-null-statistics.npy,fixtures/F3/replication-3/target-residual-sample.csv,reference-confirmation,12795750861681813352,13405193582428288243,4550419656533618652,,,2623207726282157819,1.027274200001557,,
reference-confirmation-20260820-001,fixture,F3,null-control,null-like,3,0.03725601229662825,0.975,fixtures/F3/replication-3/null-control-null-statistics.npy,fixtures/F3/replication-3/null-control-residual-sample.csv,reference-confirmation,12795750861681813352,2156076776569597507,14028991157568043424,,,14855587255729298596,2.030062600002566,,
reference-confirmation-20260820-001,fixture,F3,target,non-null,4,0.3403210635710056,0.005,fixtures/F3/replication-4/target-null-statistics.npy,fixtures/F3/replication-4/target-residual-sample.csv,reference-confirmation,9246006650265541709,3474622483833536425,4764340346782888652,,,8093810590374003818,1.0339995000031195,,
reference-confirmation-20260820-001,fixture,F3,null-control,null-like,4,0.05622430760975836,0.355,fixtures/F3/replication-4/null-control-null-statistics.npy,fixtures/F3/replication-4/null-control-residual-sample.csv,reference-confirmation,9246006650265541709,15789315473468933348,16289875686908622822,,,15972970127531029669,2.059101200000441,,
reference-confirmation-20260820-001,fixture,F3,target,non-null,5,0.3483645376715666,0.005,fixtures/F3/replication-5/target-null-statistics.npy,fixtures/F3/replication-5/target-residual-sample.csv,reference-confirmation,6688891207376502310,4189629808397246074,5106743392344683555,,,8912020947478443441,1.0623541999957524,,
reference-confirmation-20260820-001,fixture,F3,null-control,null-like,5,0.05247393265037435,0.555,fixtures/F3/replication-5/null-control-null-statistics.npy,fixtures/F3/replication-5/null-control-residual-sample.csv,reference-confirmation,6688891207376502310,1946796990590784649,16034844287425072195,,,15860280435695106311,2.0180095999967307,,
reference-confirmation-20260820-001,fixture,F3,target,non-null,6,0.31736680468018463,0.005,fixtures/F3/replication-6/target-null-statistics.npy,fixtures/F3/replication-6/target-residual-sample.csv,reference-confirmation,14743521513417675023,780782457652484263,15336371269975420801,,,9314474204881512429,1.0547205999973812,,
reference-confirmation-20260820-001,fixture,F3,null-control,null-like,6,0.0633622830049762,0.21,fixtures/F3/replication-6/null-control-null-statistics.npy,fixtures/F3/replication-6/null-control-residual-sample.csv,reference-confirmation,14743521513417675023,14174085951672161047,11956332975392115548,,,5238631876306172207,2.0636905999999726,,
reference-confirmation-20260820-001,fixture,F3,target,non-null,7,0.3342345911407876,0.005,fixtures/F3/replication-7/target-null-statistics.npy,fixtures/F3/replication-7/target-residual-sample.csv,reference-confirmation,9957310666306977464,13987124349069270598,7255812435254952918,,,13955541399310113828,1.0615778999999748,,
reference-confirmation-20260820-001,fixture,F3,null-control,null-like,7,0.05485950255884834,0.43,fixtures/F3/replication-7/null-control-null-statistics.npy,fixtures/F3/replication-7/null-control-residual-sample.csv,reference-confirmation,9957310666306977464,11428809444348880677,14268553065303281592,,,1963400138257865464,2.142650000001595,,
reference-confirmation-20260820-001,fixture,F3,target,non-null,8,0.31098752414832465,0.005,fixtures/F3/replication-8/target-null-statistics.npy,fixtures/F3/replication-8/target-residual-sample.csv,reference-confirmation,15610679885434238092,4323842963292701922,10733465907714344986,,,7853086686330344729,1.0700991999983671,,
reference-confirmation-20260820-001,fixture,F3,null-control,null-like,8,0.05513103662043374,0.43,fixtures/F3/replication-8/null-control-null-statistics.npy,fixtures/F3/replication-8/null-control-residual-sample.csv,reference-confirmation,15610679885434238092,13387321479425231874,9112170171662602195,,,14861152361926067293,2.063971900002798,,
reference-confirmation-20260820-001,fixture,F3,target,non-null,9,0.3449431800081153,0.005,fixtures/F3/replication-9/target-null-statistics.npy,fixtures/F3/replication-9/target-residual-sample.csv,reference-confirmation,13985941078611943804,14505122268576156756,10673801514478428959,,,175600189586165916,0.9773405000014463,,
reference-confirmation-20260820-001,fixture,F3,null-control,null-like,9,0.04853169557109731,0.705,fixtures/F3/replication-9/null-control-null-statistics.npy,fixtures/F3/replication-9/null-control-residual-sample.csv,reference-confirmation,13985941078611943804,15063069462998063512,4670879571341099786,,,8322387106540904127,1.960778399996343,,
reference-confirmation-20260820-001,fixture,F4,target,null-like,0,0.04858115678393524,0.665,fixtures/F4/replication-0/target-null-statistics.npy,fixtures/F4/replication-0/target-residual-sample.csv,reference-confirmation,12476772328695642574,15165777287551427596,8945009159724289443,,,11647959139986301935,0.9845073999968008,,
reference-confirmation-20260820-001,fixture,F4,null-control,null-like,0,0.05848676423268459,0.31,fixtures/F4/replication-0/null-control-null-statistics.npy,fixtures/F4/replication-0/null-control-residual-sample.csv,reference-confirmation,12476772328695642574,11858962985331404295,2880105397959861193,,,3723663048460312403,2.017296999998507,,
reference-confirmation-20260820-001,fixture,F4,target,null-like,1,0.06159619614000834,0.25,fixtures/F4/replication-1/target-null-statistics.npy,fixtures/F4/replication-1/target-residual-sample.csv,reference-confirmation,12729671959759421179,10005493070935746022,8475621122709245358,,,7088175214832604026,1.0034962000063388,,
reference-confirmation-20260820-001,fixture,F4,null-control,null-like,1,0.0513211906373906,0.56,fixtures/F4/replication-1/null-control-null-statistics.npy,fixtures/F4/replication-1/null-control-residual-sample.csv,reference-confirmation,12729671959759421179,4668402102240352878,8558504432379745639,,,12358678538317704601,1.9571494000047096,,
reference-confirmation-20260820-001,fixture,F4,target,null-like,2,0.05921488837770498,0.275,fixtures/F4/replication-2/target-null-statistics.npy,fixtures/F4/replication-2/target-residual-sample.csv,reference-confirmation,15005422177898493058,16165674364781362442,7388997444607032216,,,11557057830576373640,0.9683158999978332,,
reference-confirmation-20260820-001,fixture,F4,null-control,null-like,2,0.037853020569826604,0.985,fixtures/F4/replication-2/null-control-null-statistics.npy,fixtures/F4/replication-2/null-control-residual-sample.csv,reference-confirmation,15005422177898493058,13830016285354062564,10228321585727517873,,,9049566502744587763,2.0488910999993095,,
reference-confirmation-20260820-001,fixture,F4,target,null-like,3,0.04326958036314182,0.905,fixtures/F4/replication-3/target-null-statistics.npy,fixtures/F4/replication-3/target-residual-sample.csv,reference-confirmation,9217899351654063788,8328172360568674396,5628208275410513788,,,12844794433232298874,1.0268765999935567,,
reference-confirmation-20260820-001,fixture,F4,null-control,null-like,3,0.042019104699878046,0.92,fixtures/F4/replication-3/null-control-null-statistics.npy,fixtures/F4/replication-3/null-control-residual-sample.csv,reference-confirmation,9217899351654063788,9836724448836812123,13372955850491632412,,,5888505568203280158,1.9934791999985464,,
reference-confirmation-20260820-001,fixture,F4,target,null-like,4,0.05267698420691504,0.59,fixtures/F4/replication-4/target-null-statistics.npy,fixtures/F4/replication-4/target-residual-sample.csv,reference-confirmation,11028326574892092746,1977533021249943242,5478189829143158521,,,9873541486747944128,0.9606252000012319,,
reference-confirmation-20260820-001,fixture,F4,null-control,null-like,4,0.048693649356971236,0.655,fixtures/F4/replication-4/null-control-null-statistics.npy,fixtures/F4/replication-4/null-control-residual-sample.csv,reference-confirmation,11028326574892092746,15769136039835173780,6265187189966813260,,,8110243207493637538,1.8932855000020936,,
reference-confirmation-20260820-001,fixture,F4,target,null-like,5,0.05342327479824725,0.48,fixtures/F4/replication-5/target-null-statistics.npy,fixtures/F4/replication-5/target-residual-sample.csv,reference-confirmation,13651512690250791810,5752078966546571174,17635262560545429563,,,4357482533173589377,0.9612974999981816,,
reference-confirmation-20260820-001,fixture,F4,null-control,null-like,5,0.06628739413480872,0.175,fixtures/F4/replication-5/null-control-null-statistics.npy,fixtures/F4/replication-5/null-control-residual-sample.csv,reference-confirmation,13651512690250791810,15995638104966700720,10291801663509436019,,,6559480064298708643,1.9019838999956846,,
reference-confirmation-20260820-001,fixture,F4,target,null-like,6,0.0501618802357523,0.555,fixtures/F4/replication-6/target-null-statistics.npy,fixtures/F4/replication-6/target-residual-sample.csv,reference-confirmation,3203688076471299693,11096325295894020674,1266037423608751302,,,15668752978331178985,0.9582917000007001,,
reference-confirmation-20260820-001,fixture,F4,null-control,null-like,6,0.04305592493684442,0.865,fixtures/F4/replication-6/null-control-null-statistics.npy,fixtures/F4/replication-6/null-control-residual-sample.csv,reference-confirmation,3203688076471299693,484065636372311470,5679833249345627214,,,12936292465468033125,1.9158929000041098,,
reference-confirmation-20260820-001,fixture,F4,target,null-like,7,0.04468111842045274,0.845,fixtures/F4/replication-7/target-null-statistics.npy,fixtures/F4/replication-7/target-residual-sample.csv,reference-confirmation,10884746634806058406,9750745409289442145,15979835102991652120,,,11648704712174908002,0.9897148000018205,,
reference-confirmation-20260820-001,fixture,F4,null-control,null-like,7,0.057397786633370224,0.365,fixtures/F4/replication-7/null-control-null-statistics.npy,fixtures/F4/replication-7/null-control-residual-sample.csv,reference-confirmation,10884746634806058406,17763655850031354333,14088821829178115739,,,7296380608749545518,1.9366735000003246,,
reference-confirmation-20260820-001,fixture,F4,target,null-like,8,0.04782725855794075,0.685,fixtures/F4/replication-8/target-null-statistics.npy,fixtures/F4/replication-8/target-residual-sample.csv,reference-confirmation,11720513306724440097,1393297088124833478,5860699650279001032,,,6372425635750249136,0.9595163999983924,,
reference-confirmation-20260820-001,fixture,F4,null-control,null-like,8,0.05292222560730277,0.555,fixtures/F4/replication-8/null-control-null-statistics.npy,fixtures/F4/replication-8/null-control-residual-sample.csv,reference-confirmation,11720513306724440097,2027347818084292001,9385139365519624632,,,5074931126523399299,1.9118755999952555,,
reference-confirmation-20260820-001,fixture,F4,target,null-like,9,0.04227400610932118,0.905,fixtures/F4/replication-9/target-null-statistics.npy,fixtures/F4/replication-9/target-residual-sample.csv,reference-confirmation,15322193611689045480,8149234013428431214,3172663321115153500,,,1505456298294278669,0.9949101000020164,,
reference-confirmation-20260820-001,fixture,F4,null-control,null-like,9,0.04805883168733002,0.75,fixtures/F4/replication-9/null-control-null-statistics.npy,fixtures/F4/replication-9/null-control-residual-sample.csv,reference-confirmation,15322193611689045480,11637735210526614965,11610578879777797601,,,10826539375356162104,1.9474621999979718,,
reference-confirmation-20260820-001,fixture,F5,target,null-like,0,0.04453964552982856,0.835,fixtures/F5/replication-0/target-null-statistics.npy,fixtures/F5/replication-0/target-residual-sample.csv,reference-confirmation,9021710519281572439,11903988480293262392,14851958084371138891,,,7754795498566970382,0.9641660999986925,,
reference-confirmation-20260820-001,fixture,F5,null-control,null-like,0,0.06205392055554873,0.21,fixtures/F5/replication-0/null-control-null-statistics.npy,fixtures/F5/replication-0/null-control-residual-sample.csv,reference-confirmation,9021710519281572439,10098994798101516247,11615485786738113617,,,11091812215943117024,1.9063956999962102,,
reference-confirmation-20260820-001,fixture,F5,target,null-like,1,0.047151820506142264,0.76,fixtures/F5/replication-1/target-null-statistics.npy,fixtures/F5/replication-1/target-residual-sample.csv,reference-confirmation,13916845863672937176,5010999871800643936,13159410756960972565,,,6122474184141360730,0.9657682999968529,,
reference-confirmation-20260820-001,fixture,F5,null-control,null-like,1,0.05104690211702514,0.545,fixtures/F5/replication-1/null-control-null-statistics.npy,fixtures/F5/replication-1/null-control-residual-sample.csv,reference-confirmation,13916845863672937176,10301744282775294534,15112184444757255910,,,1717650294504902143,1.9638388999956078,,
reference-confirmation-20260820-001,fixture,F5,target,null-like,2,0.04833412375760111,0.685,fixtures/F5/replication-2/target-null-statistics.npy,fixtures/F5/replication-2/target-residual-sample.csv,reference-confirmation,1675922094856194793,2203979434796324629,11924179511447666730,,,13019817326598870187,1.0958421000032104,,
reference-confirmation-20260820-001,fixture,F5,null-control,null-like,2,0.05506562929951516,0.365,fixtures/F5/replication-2/null-control-null-statistics.npy,fixtures/F5/replication-2/null-control-residual-sample.csv,reference-confirmation,1675922094856194793,9997468372033402987,6226138499826905959,,,6212335124090852530,2.197328700000071,,
reference-confirmation-20260820-001,fixture,F5,target,null-like,3,0.04168849906201056,0.895,fixtures/F5/replication-3/target-null-statistics.npy,fixtures/F5/replication-3/target-residual-sample.csv,reference-confirmation,5042918083727933645,5254817226208721844,9833191040379113532,,,5023929771768750101,1.1370501999990665,,
reference-confirmation-20260820-001,fixture,F5,null-control,null-like,3,0.040681182308533036,0.925,fixtures/F5/replication-3/null-control-null-statistics.npy,fixtures/F5/replication-3/null-control-residual-sample.csv,reference-confirmation,5042918083727933645,15915620286019615780,8091692719611449006,,,13807730825557223589,2.1330680000028224,,
reference-confirmation-20260820-001,fixture,F5,target,null-like,4,0.05204918005255069,0.575,fixtures/F5/replication-4/target-null-statistics.npy,fixtures/F5/replication-4/target-residual-sample.csv,reference-confirmation,9537413158280576754,13165649203234884216,2213736644634146170,,,15788760628289602244,1.067401799999061,,
reference-confirmation-20260820-001,fixture,F5,null-control,null-like,4,0.05199356136230532,0.58,fixtures/F5/replication-4/null-control-null-statistics.npy,fixtures/F5/replication-4/null-control-residual-sample.csv,reference-confirmation,9537413158280576754,11150102668650442248,1237981583144733594,,,1862142332600573282,2.1293115000007674,,
reference-confirmation-20260820-001,fixture,F5,target,null-like,5,0.07407050543556536,0.065,fixtures/F5/replication-5/target-null-statistics.npy,fixtures/F5/replication-5/target-residual-sample.csv,reference-confirmation,12070192081441569814,15217415133511557353,12346426145960670322,,,11605175898609816970,0.9951553999999305,,
reference-confirmation-20260820-001,fixture,F5,null-control,null-like,5,0.053675536342984616,0.535,fixtures/F5/replication-5/null-control-null-statistics.npy,fixtures/F5/replication-5/null-control-residual-sample.csv,reference-confirmation,12070192081441569814,10808487950618646297,1388185941238099175,,,6697357531484384411,2.0063869999939925,,
reference-confirmation-20260820-001,fixture,F5,target,null-like,6,0.05727689720947637,0.36,fixtures/F5/replication-6/target-null-statistics.npy,fixtures/F5/replication-6/target-residual-sample.csv,reference-confirmation,14354082600398114965,843347568152797151,7791280858356256044,,,6016472435712814789,1.042231700004777,,
reference-confirmation-20260820-001,fixture,F5,null-control,null-like,6,0.05533054009100855,0.36,fixtures/F5/replication-6/null-control-null-statistics.npy,fixtures/F5/replication-6/null-control-residual-sample.csv,reference-confirmation,14354082600398114965,2197201164106289949,9465185809138766815,,,3739955140173110641,2.0303333000047132,,
reference-confirmation-20260820-001,fixture,F5,target,null-like,7,0.03975896171832201,0.985,fixtures/F5/replication-7/target-null-statistics.npy,fixtures/F5/replication-7/target-residual-sample.csv,reference-confirmation,18334338184685484853,16381999373782690032,9464750081744979114,,,2052704361740987856,1.1143813999951817,,
reference-confirmation-20260820-001,fixture,F5,null-control,null-like,7,0.05589765020068542,0.375,fixtures/F5/replication-7/null-control-null-statistics.npy,fixtures/F5/replication-7/null-control-residual-sample.csv,reference-confirmation,18334338184685484853,3720937911792452689,7952016813368568033,,,443897211606594843,2.1387291999999434,,
reference-confirmation-20260820-001,fixture,F5,target,null-like,8,0.04876252372084597,0.77,fixtures/F5/replication-8/target-null-statistics.npy,fixtures/F5/replication-8/target-residual-sample.csv,reference-confirmation,16472408860885745031,16567501688691536688,3454611205583365212,,,3231431091419208964,0.9766919000030612,,
reference-confirmation-20260820-001,fixture,F5,null-control,null-like,8,0.04626272305231266,0.815,fixtures/F5/replication-8/null-control-null-statistics.npy,fixtures/F5/replication-8/null-control-residual-sample.csv,reference-confirmation,16472408860885745031,968850084755605895,3869559678381880468,,,7920962351461055690,1.9453919000006863,,
reference-confirmation-20260820-001,fixture,F5,target,null-like,9,0.0964452618260173,0.005,fixtures/F5/replication-9/target-null-statistics.npy,fixtures/F5/replication-9/target-residual-sample.csv,reference-confirmation,7732505546392987391,15713817711348698819,10533055830678413177,,,2057947529990391875,1.0418848000044818,,
reference-confirmation-20260820-001,fixture,F5,null-control,null-like,9,0.057425480315421475,0.33,fixtures/F5/replication-9/null-control-null-statistics.npy,fixtures/F5/replication-9/null-control-residual-sample.csv,reference-confirmation,7732505546392987391,2079978557668624860,15686552987669167208,,,12752056151212877561,2.1310501000043587,,
reference-confirmation-20260820-001,fixture,F6,target,null-like,0,0.04669641473050768,0.835,fixtures/F6/replication-0/target-null-statistics.npy,fixtures/F6/replication-0/target-residual-sample.csv,reference-confirmation,4104615506114450886,16915913499166386307,1507138101016583936,,,11885780186351448484,1.025346399997943,,
reference-confirmation-20260820-001,fixture,F6,null-control,null-like,0,0.04171457966365899,0.92,fixtures/F6/replication-0/null-control-null-statistics.npy,fixtures/F6/replication-0/null-control-residual-sample.csv,reference-confirmation,4104615506114450886,11966452053146831347,3927512259707969322,,,12155863366766458226,1.988478599996597,,
reference-confirmation-20260820-001,fixture,F6,target,null-like,1,0.044229401315819726,0.895,fixtures/F6/replication-1/target-null-statistics.npy,fixtures/F6/replication-1/target-residual-sample.csv,reference-confirmation,7734663388603817623,10651328394461585709,14589514916065108002,,,7332210472196287621,0.9792000000015832,,
reference-confirmation-20260820-001,fixture,F6,null-control,null-like,1,0.060232565628480686,0.205,fixtures/F6/replication-1/null-control-null-statistics.npy,fixtures/F6/replication-1/null-control-residual-sample.csv,reference-confirmation,7734663388603817623,17137905862080754460,968166895722203472,,,15385818563979283952,1.9360336000027019,,
reference-confirmation-20260820-001,fixture,F6,target,null-like,2,0.0407827407197589,0.95,fixtures/F6/replication-2/target-null-statistics.npy,fixtures/F6/replication-2/target-residual-sample.csv,reference-confirmation,14000631382419906187,11856025319233562549,3462779635368103164,,,9237291794667618517,0.9996836999998777,,
reference-confirmation-20260820-001,fixture,F6,null-control,null-like,2,0.03859752646578458,0.99,fixtures/F6/replication-2/null-control-null-statistics.npy,fixtures/F6/replication-2/null-control-residual-sample.csv,reference-confirmation,14000631382419906187,2497929207124271908,12170481441276040467,,,17782313054547513510,1.9852624999984982,,
reference-confirmation-20260820-001,fixture,F6,target,null-like,3,0.06150071857530875,0.25,fixtures/F6/replication-3/target-null-statistics.npy,fixtures/F6/replication-3/target-residual-sample.csv,reference-confirmation,7552246436094990979,15173488332484677445,2152698712079326608,,,12957927081396860195,0.9750692999950843,,
reference-confirmation-20260820-001,fixture,F6,null-control,null-like,3,0.05024322173431715,0.64,fixtures/F6/replication-3/null-control-null-statistics.npy,fixtures/F6/replication-3/null-control-residual-sample.csv,reference-confirmation,7552246436094990979,13178370268168920926,6800824285409733029,,,17515202207626804911,1.905510199998389,,
reference-confirmation-20260820-001,fixture,F6,target,null-like,4,0.05868536416829738,0.335,fixtures/F6/replication-4/target-null-statistics.npy,fixtures/F6/replication-4/target-residual-sample.csv,reference-confirmation,8198628460357157032,7153704945977689518,9079163465116155268,,,2584442538103003604,0.9633150000008754,,
reference-confirmation-20260820-001,fixture,F6,null-control,null-like,4,0.06377152742920651,0.19,fixtures/F6/replication-4/null-control-null-statistics.npy,fixtures/F6/replication-4/null-control-residual-sample.csv,reference-confirmation,8198628460357157032,4316571357654879152,18250466470053040362,,,11557711835165954816,1.934883500005526,,
reference-confirmation-20260820-001,fixture,F6,target,null-like,5,0.05961361986736256,0.325,fixtures/F6/replication-5/target-null-statistics.npy,fixtures/F6/replication-5/target-residual-sample.csv,reference-confirmation,2183336553789909402,3069011720186774037,5787974192818108046,,,17150853851512071464,1.0575228000016068,,
reference-confirmation-20260820-001,fixture,F6,null-control,null-like,5,0.05399980569504596,0.42,fixtures/F6/replication-5/null-control-null-statistics.npy,fixtures/F6/replication-5/null-control-residual-sample.csv,reference-confirmation,2183336553789909402,14753851114749012648,10464389152246542130,,,6867686733215415909,2.068771899997955,,
reference-confirmation-20260820-001,fixture,F6,target,null-like,6,0.0658204308379749,0.115,fixtures/F6/replication-6/target-null-statistics.npy,fixtures/F6/replication-6/target-residual-sample.csv,reference-confirmation,14972101348181530209,15603543019750175804,954966828269449105,,,7779411504592963554,1.004627200003597,,
reference-confirmation-20260820-001,fixture,F6,null-control,null-like,6,0.050086748592093104,0.575,fixtures/F6/replication-6/null-control-null-statistics.npy,fixtures/F6/replication-6/null-control-residual-sample.csv,reference-confirmation,14972101348181530209,6687728269165683736,14931433105357592928,,,12764881371168041024,1.9574156000016956,,
reference-confirmation-20260820-001,fixture,F6,target,null-like,7,0.044440542243156106,0.835,fixtures/F6/replication-7/target-null-statistics.npy,fixtures/F6/replication-7/target-residual-sample.csv,reference-confirmation,10799790876682118302,12961986336458562201,3755136453647593049,,,1985297486632959394,0.9939850000009756,,
reference-confirmation-20260820-001,fixture,F6,null-control,null-like,7,0.047635270600463464,0.765,fixtures/F6/replication-7/null-control-null-statistics.npy,fixtures/F6/replication-7/null-control-residual-sample.csv,reference-confirmation,10799790876682118302,12005587939677879211,6136518035452481973,,,11985184489259447730,2.042519700000412,,
reference-confirmation-20260820-001,fixture,F6,target,null-like,8,0.03798837693631857,0.995,fixtures/F6/replication-8/target-null-statistics.npy,fixtures/F6/replication-8/target-residual-sample.csv,reference-confirmation,7361591223536548010,734426441866443779,2724571860343235009,,,14126449081629494283,1.0097976999968523,,
reference-confirmation-20260820-001,fixture,F6,null-control,null-like,8,0.05958547042016459,0.35,fixtures/F6/replication-8/null-control-null-statistics.npy,fixtures/F6/replication-8/null-control-residual-sample.csv,reference-confirmation,7361591223536548010,16566416869253450633,11980407432556341758,,,7972297273206393385,1.9659141000011005,,
reference-confirmation-20260820-001,fixture,F6,target,null-like,9,0.04654190049396407,0.72,fixtures/F6/replication-9/target-null-statistics.npy,fixtures/F6/replication-9/target-residual-sample.csv,reference-confirmation,16542955929050082062,17176761550685781449,4473686220013977052,,,12762762213252924706,1.0122648000033223,,
reference-confirmation-20260820-001,fixture,F6,null-control,null-like,9,0.046256175792163415,0.77,fixtures/F6/replication-9/null-control-null-statistics.npy,fixtures/F6/replication-9/null-control-residual-sample.csv,reference-confirmation,16542955929050082062,9164567921630551111,15697326902741268,,,10653920167489140388,2.0190451000016765,,
reference-confirmation-20260820-001,fixture,F7,target,non-null,0,0.30481693928162373,0.005,fixtures/F7/replication-0/target-null-statistics.npy,fixtures/F7/replication-0/target-residual-sample.csv,reference-confirmation,10949875103097884275,12352964763144909987,4677111950321826549,,,5064601126167815198,1.0338024999946356,,
reference-confirmation-20260820-001,fixture,F7,null-control,null-like,0,0.05170315500427346,0.585,fixtures/F7/replication-0/null-control-null-statistics.npy,fixtures/F7/replication-0/null-control-residual-sample.csv,reference-confirmation,10949875103097884275,1333968758006808590,3512141182724519417,,,13765909154016346435,1.9780134999964503,,
reference-confirmation-20260820-001,fixture,F7,target,non-null,1,0.2794225879261034,0.005,fixtures/F7/replication-1/target-null-statistics.npy,fixtures/F7/replication-1/target-residual-sample.csv,reference-confirmation,4564824281713300916,11128349691538264644,13478656521607796527,,,8725193126333666220,0.9975562999970862,,
reference-confirmation-20260820-001,fixture,F7,null-control,null-like,1,0.038506825786955044,0.99,fixtures/F7/replication-1/null-control-null-statistics.npy,fixtures/F7/replication-1/null-control-residual-sample.csv,reference-confirmation,4564824281713300916,17232336016476463405,17000249899946180911,,,14882510843882820709,1.9358911000017542,,
reference-confirmation-20260820-001,fixture,F7,target,non-null,2,0.30567159930121873,0.005,fixtures/F7/replication-2/target-null-statistics.npy,fixtures/F7/replication-2/target-residual-sample.csv,reference-confirmation,10263842218670608316,17614222162474600618,16727929770822708577,,,12778437302785956826,0.957368299998052,,
reference-confirmation-20260820-001,fixture,F7,null-control,null-like,2,0.06683975463188702,0.17,fixtures/F7/replication-2/null-control-null-statistics.npy,fixtures/F7/replication-2/null-control-residual-sample.csv,reference-confirmation,10263842218670608316,11511179708750298467,7542107487665948551,,,14099054425427330188,1.9056426999959513,,
reference-confirmation-20260820-001,fixture,F7,target,non-null,3,0.33488992300616927,0.005,fixtures/F7/replication-3/target-null-statistics.npy,fixtures/F7/replication-3/target-residual-sample.csv,reference-confirmation,6262700051382705900,12055142508203726266,12710020069289309404,,,8436576817544883499,0.957331300000078,,
reference-confirmation-20260820-001,fixture,F7,null-control,null-like,3,0.05844772139278773,0.255,fixtures/F7/replication-3/null-control-null-statistics.npy,fixtures/F7/replication-3/null-control-residual-sample.csv,reference-confirmation,6262700051382705900,13504587656642545480,15201352166900136282,,,1958497778352565578,1.908900000002177,,
reference-confirmation-20260820-001,fixture,F7,target,non-null,4,0.296881522717942,0.005,fixtures/F7/replication-4/target-null-statistics.npy,fixtures/F7/replication-4/target-residual-sample.csv,reference-confirmation,3322393734866184604,1718555779598110327,16103609866094544677,,,1311632047600436393,0.941517200000817,,
reference-confirmation-20260820-001,fixture,F7,null-control,null-like,4,0.07284881844124758,0.08,fixtures/F7/replication-4/null-control-null-statistics.npy,fixtures/F7/replication-4/null-control-residual-sample.csv,reference-confirmation,3322393734866184604,5228287505291322757,3360526400464484116,,,3732215348871506739,1.9101877000066452,,
reference-confirmation-20260820-001,fixture,F7,target,non-null,5,0.28244496260615154,0.005,fixtures/F7/replication-5/target-null-statistics.npy,fixtures/F7/replication-5/target-residual-sample.csv,reference-confirmation,18364948711604934305,10325097218582516430,11290052795931681430,,,9202265147501540580,1.0534769000005326,,
reference-confirmation-20260820-001,fixture,F7,null-control,null-like,5,0.04123764915958058,0.935,fixtures/F7/replication-5/null-control-null-statistics.npy,fixtures/F7/replication-5/null-control-residual-sample.csv,reference-confirmation,18364948711604934305,3131574699911152195,7445458219256816109,,,723759683142644969,1.9918040000047768,,
reference-confirmation-20260820-001,fixture,F7,target,non-null,6,0.2741875974638063,0.005,fixtures/F7/replication-6/target-null-statistics.npy,fixtures/F7/replication-6/target-residual-sample.csv,reference-confirmation,9679482657963246166,17521289773702651992,9956100719061075175,,,6050211527840796439,0.9535983000023407,,
reference-confirmation-20260820-001,fixture,F7,null-control,null-like,6,0.08503541560247573,0.04,fixtures/F7/replication-6/null-control-null-statistics.npy,fixtures/F7/replication-6/null-control-residual-sample.csv,reference-confirmation,9679482657963246166,10990038610780573966,3334325536311754321,,,11054852962169433032,1.9202728999953251,,
reference-confirmation-20260820-001,fixture,F7,target,non-null,7,0.28500161730182993,0.005,fixtures/F7/replication-7/target-null-statistics.npy,fixtures/F7/replication-7/target-residual-sample.csv,reference-confirmation,5229399890534933121,9038343676358736564,12929925900226844521,,,4699029100787432431,1.0767073999959393,,
reference-confirmation-20260820-001,fixture,F7,null-control,null-like,7,0.045550832567286856,0.835,fixtures/F7/replication-7/null-control-null-statistics.npy,fixtures/F7/replication-7/null-control-residual-sample.csv,reference-confirmation,5229399890534933121,17807249200317996653,13858855739638703284,,,16912739101948253866,2.1596491999953287,,
reference-confirmation-20260820-001,fixture,F7,target,non-null,8,0.2781087005218193,0.005,fixtures/F7/replication-8/target-null-statistics.npy,fixtures/F7/replication-8/target-residual-sample.csv,reference-confirmation,10512046654869463207,11783921701572123849,10209616707194517314,,,13612405159553242142,1.1190559000024223,,
reference-confirmation-20260820-001,fixture,F7,null-control,null-like,8,0.0781556877660781,0.065,fixtures/F7/replication-8/null-control-null-statistics.npy,fixtures/F7/replication-8/null-control-residual-sample.csv,reference-confirmation,10512046654869463207,9636491296899465291,625163493623971369,,,12293878527303425566,2.143802799997502,,
reference-confirmation-20260820-001,fixture,F7,target,non-null,9,0.29788122430028513,0.005,fixtures/F7/replication-9/target-null-statistics.npy,fixtures/F7/replication-9/target-residual-sample.csv,reference-confirmation,10211729048476230442,7394732006010793028,5593449952844830893,,,445118810179047568,0.977990300001693,,
reference-confirmation-20260820-001,fixture,F7,null-control,null-like,9,0.04934976741530827,0.725,fixtures/F7/replication-9/null-control-null-statistics.npy,fixtures/F7/replication-9/null-control-residual-sample.csv,reference-confirmation,10211729048476230442,5701915416147989312,5129111321946084214,,,16346121698439652245,1.9318383999998332,,
reference-confirmation-20260820-001,fixture,F8,target,non-null,0,0.4429215753552295,0.005,fixtures/F8/replication-0/target-null-statistics.npy,fixtures/F8/replication-0/target-residual-sample.csv,reference-confirmation,4876926516546102252,17457444676581612317,4031540275189004237,,,12874072056880356412,1.0803951999987476,,
reference-confirmation-20260820-001,fixture,F8,null-control,null-like,0,0.05742380251793485,0.365,fixtures/F8/replication-0/null-control-null-statistics.npy,fixtures/F8/replication-0/null-control-residual-sample.csv,reference-confirmation,4876926516546102252,13795469708765722342,14295706317784337694,,,3969217712013551362,2.1291259999998147,,
reference-confirmation-20260820-001,fixture,F8,target,non-null,1,0.4837631808941397,0.005,fixtures/F8/replication-1/target-null-statistics.npy,fixtures/F8/replication-1/target-residual-sample.csv,reference-confirmation,8176376335543683562,13894974844911116680,7364872908004845775,,,6725858766094804263,1.072572899996885,,
reference-confirmation-20260820-001,fixture,F8,null-control,null-like,1,0.05277262923362148,0.565,fixtures/F8/replication-1/null-control-null-statistics.npy,fixtures/F8/replication-1/null-control-residual-sample.csv,reference-confirmation,8176376335543683562,11761945694965128859,6369339205821640835,,,3451644348993871567,2.043587000000116,,
reference-confirmation-20260820-001,fixture,F8,target,non-null,2,0.47424130382221147,0.005,fixtures/F8/replication-2/target-null-statistics.npy,fixtures/F8/replication-2/target-residual-sample.csv,reference-confirmation,6532818764084685715,12220271261547947241,8087131933478821034,,,12922408708945569188,0.9520619999966584,,
reference-confirmation-20260820-001,fixture,F8,null-control,null-like,2,0.04992910688627869,0.58,fixtures/F8/replication-2/null-control-null-statistics.npy,fixtures/F8/replication-2/null-control-residual-sample.csv,reference-confirmation,6532818764084685715,16345603991618746325,7331768135682095642,,,7289112986691119718,1.9381259000001592,,
reference-confirmation-20260820-001,fixture,F8,target,non-null,3,0.4286501707441498,0.005,fixtures/F8/replication-3/target-null-statistics.npy,fixtures/F8/replication-3/target-residual-sample.csv,reference-confirmation,14517061892418204213,14104825448515300119,7042177603212216586,,,6479686915422116007,1.0400735999937751,,
reference-confirmation-20260820-001,fixture,F8,null-control,null-like,3,0.04614824782902228,0.79,fixtures/F8/replication-3/null-control-null-statistics.npy,fixtures/F8/replication-3/null-control-residual-sample.csv,reference-confirmation,14517061892418204213,393431118770608931,10692579601242906199,,,8143651878704291116,2.0404158999954234,,
reference-confirmation-20260820-001,fixture,F8,target,non-null,4,0.464954649739553,0.005,fixtures/F8/replication-4/target-null-statistics.npy,fixtures/F8/replication-4/target-residual-sample.csv,reference-confirmation,9519230632239049658,3761020389475639764,11847932901790111237,,,10198435320542712061,1.0088782000020728,,
reference-confirmation-20260820-001,fixture,F8,null-control,null-like,4,0.05633129842976157,0.42,fixtures/F8/replication-4/null-control-null-statistics.npy,fixtures/F8/replication-4/null-control-residual-sample.csv,reference-confirmation,9519230632239049658,1863795235702756755,10034334290606219655,,,12268739041242923666,2.101695800003654,,
reference-confirmation-20260820-001,fixture,F8,target,non-null,5,0.4207831563493989,0.005,fixtures/F8/replication-5/target-null-statistics.npy,fixtures/F8/replication-5/target-residual-sample.csv,reference-confirmation,14009376595264433158,11033602775182668876,6658209933483879858,,,9599423837831506665,1.097900300002948,,
reference-confirmation-20260820-001,fixture,F8,null-control,null-like,5,0.05534677837453181,0.405,fixtures/F8/replication-5/null-control-null-statistics.npy,fixtures/F8/replication-5/null-control-residual-sample.csv,reference-confirmation,14009376595264433158,6420291788621983780,3356946385438916690,,,2656064731399448959,2.2277708999972674,,
reference-confirmation-20260820-001,fixture,F8,target,non-null,6,0.4669419940446246,0.005,fixtures/F8/replication-6/target-null-statistics.npy,fixtures/F8/replication-6/target-residual-sample.csv,reference-confirmation,7827546157841819008,2590827457027171453,11901634070837611423,,,1631500722579853434,1.0965818999975454,,
reference-confirmation-20260820-001,fixture,F8,null-control,null-like,6,0.059908807759778276,0.28,fixtures/F8/replication-6/null-control-null-statistics.npy,fixtures/F8/replication-6/null-control-residual-sample.csv,reference-confirmation,7827546157841819008,8843319511215535611,5213822088435405590,,,3646350777533575710,2.039068899997801,,
reference-confirmation-20260820-001,fixture,F8,target,non-null,7,0.46971844571745985,0.005,fixtures/F8/replication-7/target-null-statistics.npy,fixtures/F8/replication-7/target-residual-sample.csv,reference-confirmation,17112088144090627267,11074793845451164067,17417171904835505136,,,9985732109182443418,0.9624111000011908,,
reference-confirmation-20260820-001,fixture,F8,null-control,null-like,7,0.04300910840344514,0.93,fixtures/F8/replication-7/null-control-null-statistics.npy,fixtures/F8/replication-7/null-control-residual-sample.csv,reference-confirmation,17112088144090627267,15923350573804405516,9246707352880519579,,,1689359140079744598,1.9196249000015086,,
reference-confirmation-20260820-001,fixture,F8,target,non-null,8,0.47630274655057875,0.005,fixtures/F8/replication-8/target-null-statistics.npy,fixtures/F8/replication-8/target-residual-sample.csv,reference-confirmation,14218089657295939546,66430012693664824,4075259884824472962,,,14662610912373710551,0.9505635000023176,,
reference-confirmation-20260820-001,fixture,F8,null-control,null-like,8,0.06176628044878647,0.245,fixtures/F8/replication-8/null-control-null-statistics.npy,fixtures/F8/replication-8/null-control-residual-sample.csv,reference-confirmation,14218089657295939546,6179513746611550034,2155088283532225014,,,240016731348185073,1.9040831000020262,,
reference-confirmation-20260820-001,fixture,F8,target,non-null,9,0.45038323794006296,0.005,fixtures/F8/replication-9/target-null-statistics.npy,fixtures/F8/replication-9/target-residual-sample.csv,reference-confirmation,15220675620664246499,9721825704121071974,2689616213531282733,,,1402831081716406085,0.967120100001921,,
reference-confirmation-20260820-001,fixture,F8,null-control,null-like,9,0.05269435042682079,0.56,fixtures/F8/replication-9/null-control-null-statistics.npy,fixtures/F8/replication-9/null-control-residual-sample.csv,reference-confirmation,15220675620664246499,10316541944198069953,12664262374551532914,,,8004039964644693816,1.9155110000065179,,
