source_record_index,run_id,arm,fixture_id,replication,evaluation_rows,fixture_seed,residual_seed,evaluation_seed,left_seed,right_seed,permutation_seed
0,null-calibration-20260820-001,fitted,F1,0,250,6433342065636847493,17936904942616992301,14107422319196904710,,,3384096685922538534
1,null-calibration-20260820-001,fitted,F1,0,500,6433342065636847493,17936904942616992301,18237930708185113606,,,10983048282117966925
2,null-calibration-20260820-001,fitted,F1,0,1000,6433342065636847493,17936904942616992301,6789199994010156349,,,7115305818577428388
3,null-calibration-20260820-001,fitted,F1,0,2000,6433342065636847493,17936904942616992301,6751472832347621775,,,11969085274972736441
4,null-calibration-20260820-001,fitted,F4,0,250,6495341271594803981,10531303259242432662,10906892172498845488,,,459401043993227185
5,null-calibration-20260820-001,fitted,F4,0,500,6495341271594803981,10531303259242432662,10065051608984753825,,,10968130604447332065
6,null-calibration-20260820-001,fitted,F4,0,1000,6495341271594803981,10531303259242432662,779969474200647528,,,15320108692497841542
7,null-calibration-20260820-001,fitted,F4,0,2000,6495341271594803981,10531303259242432662,10887600092552082484,,,12282675893312349365
8,null-calibration-20260820-001,fitted,F5,0,250,18414520085412846272,14207188485339304611,136239470909536289,,,6302315249655892968
9,null-calibration-20260820-001,fitted,F5,0,500,18414520085412846272,14207188485339304611,8353196989199314461,,,900025319440936340
10,null-calibration-20260820-001,fitted,F5,0,1000,18414520085412846272,14207188485339304611,1117683112722674554,,,15564905284261387135
11,null-calibration-20260820-001,fitted,F5,0,2000,18414520085412846272,14207188485339304611,5610506653472678919,,,10258564739603154197
12,null-calibration-20260820-001,fitted,F6,0,250,3824263721525427607,79186252151948232,17046997963289497296,,,9127851140364490558
13,null-calibration-20260820-001,fitted,F6,0,500,3824263721525427607,79186252151948232,15449579509425216380,,,6943142502619029747
14,null-calibration-20260820-001,fitted,F6,0,1000,3824263721525427607,79186252151948232,10159395418066596849,,,13611119104642698961
15,null-calibration-20260820-001,fitted,F6,0,2000,3824263721525427607,79186252151948232,237349756168594535,,,18129460340584230377
16,null-calibration-20260820-001,reference,reference,0,250,,,,17926931931858939750,9070928938777396677,1079019629264358956
17,null-calibration-20260820-001,reference,reference,0,500,,,,12048045064488122522,1496049702987028320,15833380306904397094
18,null-calibration-20260820-001,reference,reference,0,1000,,,,2331790891218705107,12733761449177204039,15711188722585266919
19,null-calibration-20260820-001,reference,reference,0,2000,,,,14508386997714760048,3980014493076055399,12263912317472547688
20,null-calibration-20260820-001,fitted,F1,1,250,4699812689774322753,4607983943704210050,3502078239908722320,,,11324850889149307786
21,null-calibration-20260820-001,fitted,F1,1,500,4699812689774322753,4607983943704210050,10253500765279790357,,,1237808432098800373
22,null-calibration-20260820-001,fitted,F1,1,1000,4699812689774322753,4607983943704210050,4139711339124704254,,,1452907668379322990
23,null-calibration-20260820-001,fitted,F1,1,2000,4699812689774322753,4607983943704210050,2774437170051674433,,,9759492628271729606
24,null-calibration-20260820-001,fitted,F4,1,250,9499300412269736723,6179578886687568595,17298231691073478252,,,7576170669037087585
25,null-calibration-20260820-001,fitted,F4,1,500,9499300412269736723,6179578886687568595,13167578865754892952,,,3784920135483935414
26,null-calibration-20260820-001,fitted,F4,1,1000,9499300412269736723,6179578886687568595,17998243223251901092,,,15309796070970063026
27,null-calibration-20260820-001,fitted,F4,1,2000,9499300412269736723,6179578886687568595,14259516617633093824,,,13546656290240739763
28,null-calibration-20260820-001,fitted,F5,1,250,1140140506340360697,17708401061689124292,15432516919307549939,,,14492880195258680545
29,null-calibration-20260820-001,fitted,F5,1,500,1140140506340360697,17708401061689124292,18209697734397152984,,,13750151010226062380
30,null-calibration-20260820-001,fitted,F5,1,1000,1140140506340360697,17708401061689124292,3840891748359200444,,,982008159221279821
31,null-calibration-20260820-001,fitted,F5,1,2000,1140140506340360697,17708401061689124292,13174338724684473212,,,646580656984034547
32,null-calibration-20260820-001,fitted,F6,1,250,12020900232242556064,16354807700361690978,14512300451702548674,,,7943764893153242836
33,null-calibration-20260820-001,fitted,F6,1,500,12020900232242556064,16354807700361690978,15983600014899888229,,,10375596068839736447
34,null-calibration-20260820-001,fitted,F6,1,1000,12020900232242556064,16354807700361690978,16370418503779262836,,,16380570176284908476
35,null-calibration-20260820-001,fitted,F6,1,2000,12020900232242556064,16354807700361690978,10183504799894706017,,,12702455530148579180
36,null-calibration-20260820-001,reference,reference,1,250,,,,4096871879031441958,10652099727669041189,4447924494023652742
37,null-calibration-20260820-001,reference,reference,1,500,,,,10024266221603727610,7599229918970142260,1806425201012991379
38,null-calibration-20260820-001,reference,reference,1,1000,,,,15042140726430518149,17708497116170476961,4962168671479525926
39,null-calibration-20260820-001,reference,reference,1,2000,,,,1640747797266115288,11769313036943380939,15838657763795684704
40,null-calibration-20260820-001,fitted,F1,2,250,3569878143749029310,11365098911466217260,3280984028559918750,,,6780253162454302994
41,null-calibration-20260820-001,fitted,F1,2,500,3569878143749029310,11365098911466217260,16997115682716958022,,,11046146698029387618
42,null-calibration-20260820-001,fitted,F1,2,1000,3569878143749029310,11365098911466217260,3952502581455167973,,,199708578873909306
43,null-calibration-20260820-001,fitted,F1,2,2000,3569878143749029310,11365098911466217260,6153346630853623278,,,9325514072322408257
44,null-calibration-20260820-001,fitted,F4,2,250,15675211521509045962,14066579283336276104,5283438304392102239,,,15104876576134536340
45,null-calibration-20260820-001,fitted,F4,2,500,15675211521509045962,14066579283336276104,5983090536941951359,,,3957174117579900541
46,null-calibration-20260820-001,fitted,F4,2,1000,15675211521509045962,14066579283336276104,6922242973204677653,,,5823638402631577685
47,null-calibration-20260820-001,fitted,F4,2,2000,15675211521509045962,14066579283336276104,6225468544223174879,,,10458905351170906859
48,null-calibration-20260820-001,fitted,F5,2,250,2519313312016854296,1557254751604193349,15132755397188641484,,,11346220758826100087
49,null-calibration-20260820-001,fitted,F5,2,500,2519313312016854296,1557254751604193349,2069640755117990706,,,14450005611473951980
50,null-calibration-20260820-001,fitted,F5,2,1000,2519313312016854296,1557254751604193349,1303303283024401464,,,1501371915318221107
51,null-calibration-20260820-001,fitted,F5,2,2000,2519313312016854296,1557254751604193349,6499561970315270099,,,14388355595064086509
52,null-calibration-20260820-001,fitted,F6,2,250,10190273551048286950,11100189876950204820,1161745334334347251,,,13069892887201598288
53,null-calibration-20260820-001,fitted,F6,2,500,10190273551048286950,11100189876950204820,6522152800052190919,,,3489617249600098282
54,null-calibration-20260820-001,fitted,F6,2,1000,10190273551048286950,11100189876950204820,15596621160448819804,,,7655831067125211717
55,null-calibration-20260820-001,fitted,F6,2,2000,10190273551048286950,11100189876950204820,16614620850169232800,,,4855290580897561181
56,null-calibration-20260820-001,reference,reference,2,250,,,,12023466681351893306,6420331773169791439,10159237798571537485
57,null-calibration-20260820-001,reference,reference,2,500,,,,4349595178558725759,7175914264434003333,3804827399166987390
58,null-calibration-20260820-001,reference,reference,2,1000,,,,15185770755822783621,6971445713118833256,11338873633026750128
59,null-calibration-20260820-001,reference,reference,2,2000,,,,4567540082641574205,2868209187341578726,3247267120567800706
60,null-calibration-20260820-001,fitted,F1,3,250,13756096017123067317,1309112201065251263,2348849334626394728,,,7253711586394600883
61,null-calibration-20260820-001,fitted,F1,3,500,13756096017123067317,1309112201065251263,14391952007982205960,,,17728120814171455141
62,null-calibration-20260820-001,fitted,F1,3,1000,13756096017123067317,1309112201065251263,6570981416319627258,,,15514834412892336132
63,null-calibration-20260820-001,fitted,F1,3,2000,13756096017123067317,1309112201065251263,2290619437305927711,,,17080901408049631256
64,null-calibration-20260820-001,fitted,F4,3,250,2441928413134253465,11267904951553355182,263209010104849207,,,2873478136329909439
65,null-calibration-20260820-001,fitted,F4,3,500,2441928413134253465,11267904951553355182,11412631142884571311,,,10842820087279474148
66,null-calibration-20260820-001,fitted,F4,3,1000,2441928413134253465,11267904951553355182,9591817297050172734,,,12303252709853810392
67,null-calibration-20260820-001,fitted,F4,3,2000,2441928413134253465,11267904951553355182,9786693489357018558,,,10250639379642127023
68,null-calibration-20260820-001,fitted,F5,3,250,3290001563877249693,9093301938671167909,16937461452306007538,,,8878555423441101896
69,null-calibration-20260820-001,fitted,F5,3,500,3290001563877249693,9093301938671167909,72874910731928406,,,11542314342212341808
70,null-calibration-20260820-001,fitted,F5,3,1000,3290001563877249693,9093301938671167909,4005936526123622054,,,1159233394365673797
71,null-calibration-20260820-001,fitted,F5,3,2000,3290001563877249693,9093301938671167909,14928025238777169045,,,7228293297057139789
72,null-calibration-20260820-001,fitted,F6,3,250,4763886227047618086,13442416523269411204,8629837555689585928,,,13088798455018747268
73,null-calibration-20260820-001,fitted,F6,3,500,4763886227047618086,13442416523269411204,12277852540239140238,,,3204709838843035950
74,null-calibration-20260820-001,fitted,F6,3,1000,4763886227047618086,13442416523269411204,6163573228019300783,,,13894617575956660810
75,null-calibration-20260820-001,fitted,F6,3,2000,4763886227047618086,13442416523269411204,9064974573336772054,,,8407180376122848356
76,null-calibration-20260820-001,reference,reference,3,250,,,,11682619297755603853,6689428021985191575,12029114358446818991
77,null-calibration-20260820-001,reference,reference,3,500,,,,4032111493215088246,11886126160998460124,7563318620904364266
78,null-calibration-20260820-001,reference,reference,3,1000,,,,12837014955883606596,9001253074465342522,6023314649303253102
79,null-calibration-20260820-001,reference,reference,3,2000,,,,2992664348749173858,13193522023994232790,10353593441836441951
80,null-calibration-20260820-001,fitted,F1,4,250,12877446445561489837,17337852888370313916,8679421789119518853,,,14336008620051443637
81,null-calibration-20260820-001,fitted,F1,4,500,12877446445561489837,17337852888370313916,15666902431980142369,,,13600617177475589367
82,null-calibration-20260820-001,fitted,F1,4,1000,12877446445561489837,17337852888370313916,10714457797157716464,,,1057945267097647136
83,null-calibration-20260820-001,fitted,F1,4,2000,12877446445561489837,17337852888370313916,12791112731589988575,,,8619293460818511013
84,null-calibration-20260820-001,fitted,F4,4,250,6859987430196965634,14269217972484979875,11105980444260014957,,,11029957177587463788
85,null-calibration-20260820-001,fitted,F4,4,500,6859987430196965634,14269217972484979875,7698355982319910859,,,9533711478569808667
86,null-calibration-20260820-001,fitted,F4,4,1000,6859987430196965634,14269217972484979875,4847958970796658755,,,14775928340936837787
87,null-calibration-20260820-001,fitted,F4,4,2000,6859987430196965634,14269217972484979875,5370421223052867262,,,6050306269343077839
88,null-calibration-20260820-001,fitted,F5,4,250,7031320316446228275,13678972575640294325,11711154587581254134,,,8616168423004712194
89,null-calibration-20260820-001,fitted,F5,4,500,7031320316446228275,13678972575640294325,14630592029551447720,,,15642899312793620350
90,null-calibration-20260820-001,fitted,F5,4,1000,7031320316446228275,13678972575640294325,7420879974202339368,,,5855921140634721580
91,null-calibration-20260820-001,fitted,F5,4,2000,7031320316446228275,13678972575640294325,10742889721540175359,,,7567867212108845957
92,null-calibration-20260820-001,fitted,F6,4,250,18010297895571115582,7752360853435053920,9954471187767074107,,,7472559344805981600
93,null-calibration-20260820-001,fitted,F6,4,500,18010297895571115582,7752360853435053920,4496487153123991255,,,17200553837434893133
94,null-calibration-20260820-001,fitted,F6,4,1000,18010297895571115582,7752360853435053920,15413823348256103631,,,18210209300478642650
95,null-calibration-20260820-001,fitted,F6,4,2000,18010297895571115582,7752360853435053920,17491307803151901271,,,3456106607117785628
96,null-calibration-20260820-001,reference,reference,4,250,,,,8469237737379791488,15790414762632129097,15145870026567226280
97,null-calibration-20260820-001,reference,reference,4,500,,,,1067118280513582650,1331631220201725175,3505154024598531990
98,null-calibration-20260820-001,reference,reference,4,1000,,,,14048157764818397825,17020619800453899607,8093265916853552125
99,null-calibration-20260820-001,reference,reference,4,2000,,,,3154979416211997006,11071141246986911955,10022712760122930034
100,null-calibration-20260820-001,fitted,F1,5,250,5457290102177033418,188569411598817424,4598855004502832832,,,3364651675379375770
101,null-calibration-20260820-001,fitted,F1,5,500,5457290102177033418,188569411598817424,1618450886852983420,,,4266415088222634496
102,null-calibration-20260820-001,fitted,F1,5,1000,5457290102177033418,188569411598817424,17737280255402272996,,,2212718677989706614
103,null-calibration-20260820-001,fitted,F1,5,2000,5457290102177033418,188569411598817424,13837704696214774464,,,14748534802187146281
104,null-calibration-20260820-001,fitted,F4,5,250,18125579368422396290,15565939219087598283,9161121273477691081,,,8533720417461623287
105,null-calibration-20260820-001,fitted,F4,5,500,18125579368422396290,15565939219087598283,10406905898988630170,,,2487871383457953690
106,null-calibration-20260820-001,fitted,F4,5,1000,18125579368422396290,15565939219087598283,8681543071355413526,,,18178235231136503396
107,null-calibration-20260820-001,fitted,F4,5,2000,18125579368422396290,15565939219087598283,4167991324449441086,,,1909216527989151814
108,null-calibration-20260820-001,fitted,F5,5,250,12105255633630111813,16263188956552095361,10968223324955008392,,,11576623901194011278
109,null-calibration-20260820-001,fitted,F5,5,500,12105255633630111813,16263188956552095361,1279692213075316531,,,8044370184106927212
110,null-calibration-20260820-001,fitted,F5,5,1000,12105255633630111813,16263188956552095361,14168297299391342019,,,9227751056194966973
111,null-calibration-20260820-001,fitted,F5,5,2000,12105255633630111813,16263188956552095361,2631194879054400635,,,10156468779500607491
112,null-calibration-20260820-001,fitted,F6,5,250,2368052181499087071,15515326485292208277,4811628072571717100,,,5093719542473549400
113,null-calibration-20260820-001,fitted,F6,5,500,2368052181499087071,15515326485292208277,18204533621254357205,,,1603627822624198086
114,null-calibration-20260820-001,fitted,F6,5,1000,2368052181499087071,15515326485292208277,2472013819051400555,,,1103628449012399258
115,null-calibration-20260820-001,fitted,F6,5,2000,2368052181499087071,15515326485292208277,3650082340641390524,,,2364942039165738120
116,null-calibration-20260820-001,reference,reference,5,250,,,,11794328101922792354,12023814862693149631,5672959150871299338
117,null-calibration-20260820-001,reference,reference,5,500,,,,16630109948366967912,11182166610535916598,13489421894882147816
118,null-calibration-20260820-001,reference,reference,5,1000,,,,11229431397857031809,14098243763514501404,17503097190596206239
119,null-calibration-20260820-001,reference,reference,5,2000,,,,14407632464500586066,13787254050478476199,13678887534322221201
120,null-calibration-20260820-001,fitted,F1,6,250,6102558128020182178,13308685898542181412,9793694042374231328,,,14121936160296353646
121,null-calibration-20260820-001,fitted,F1,6,500,6102558128020182178,13308685898542181412,3312428617070078827,,,11366061199289434338
122,null-calibration-20260820-001,fitted,F1,6,1000,6102558128020182178,13308685898542181412,4382288335264607342,,,3981452574869607949
123,null-calibration-20260820-001,fitted,F1,6,2000,6102558128020182178,13308685898542181412,14165105158863013429,,,1236810238883797739
124,null-calibration-20260820-001,fitted,F4,6,250,7283506846096550484,1820611529256814635,4830848699228262779,,,3002848337796512007
125,null-calibration-20260820-001,fitted,F4,6,500,7283506846096550484,1820611529256814635,6836569096627485953,,,7721942475216761981
126,null-calibration-20260820-001,fitted,F4,6,1000,7283506846096550484,1820611529256814635,5440230546669510394,,,17270468677102063681
127,null-calibration-20260820-001,fitted,F4,6,2000,7283506846096550484,1820611529256814635,12894269135191485196,,,11774234699450748173
128,null-calibration-20260820-001,fitted,F5,6,250,8055561705617953057,7671303947915522401,12515168333279633539,,,12272375702510200089
129,null-calibration-20260820-001,fitted,F5,6,500,8055561705617953057,7671303947915522401,8629082562642534665,,,10354453117214297537
130,null-calibration-20260820-001,fitted,F5,6,1000,8055561705617953057,7671303947915522401,9644058968151370535,,,11244528065892473170
131,null-calibration-20260820-001,fitted,F5,6,2000,8055561705617953057,7671303947915522401,6778242709068176697,,,4573990023238299605
132,null-calibration-20260820-001,fitted,F6,6,250,11872425009848937548,2384371764031194488,216715169764408388,,,3585261205132394625
133,null-calibration-20260820-001,fitted,F6,6,500,11872425009848937548,2384371764031194488,17746337605769638916,,,14384938040411690145
134,null-calibration-20260820-001,fitted,F6,6,1000,11872425009848937548,2384371764031194488,16123216149911463525,,,4155749372695162892
135,null-calibration-20260820-001,fitted,F6,6,2000,11872425009848937548,2384371764031194488,1026983196261157636,,,6957344576856271325
136,null-calibration-20260820-001,reference,reference,6,250,,,,474878090820128883,3050245235893777417,17406071885301733436
137,null-calibration-20260820-001,reference,reference,6,500,,,,11710740401479516992,4212362658403508201,3799585748585302671
138,null-calibration-20260820-001,reference,reference,6,1000,,,,7843625917934169425,901375732440433281,26314775032581454
139,null-calibration-20260820-001,reference,reference,6,2000,,,,8501251933459426683,1079300982784738815,7571509818058348344
140,null-calibration-20260820-001,fitted,F1,7,250,17601269575130849001,6697541696787757121,8316128022553120956,,,4166082345960659872
141,null-calibration-20260820-001,fitted,F1,7,500,17601269575130849001,6697541696787757121,5774844376999638551,,,16481087077717221165
142,null-calibration-20260820-001,fitted,F1,7,1000,17601269575130849001,6697541696787757121,16504490694513069439,,,13464555404059302686
143,null-calibration-20260820-001,fitted,F1,7,2000,17601269575130849001,6697541696787757121,5560528437672670538,,,14075835745732648893
144,null-calibration-20260820-001,fitted,F4,7,250,14779283629475480789,9718878122589351925,7711001739810483718,,,2932609583298713155
145,null-calibration-20260820-001,fitted,F4,7,500,14779283629475480789,9718878122589351925,2764393447554346606,,,3798144348308428358
146,null-calibration-20260820-001,fitted,F4,7,1000,14779283629475480789,9718878122589351925,1642475061095206262,,,1806616102684817282
147,null-calibration-20260820-001,fitted,F4,7,2000,14779283629475480789,9718878122589351925,15972270848516322006,,,3480540564477809206
148,null-calibration-20260820-001,fitted,F5,7,250,3553592077791088219,12487575355206016709,2922095272777619770,,,1360363172366549347
149,null-calibration-20260820-001,fitted,F5,7,500,3553592077791088219,12487575355206016709,13641155395405183660,,,5540489055801844353
150,null-calibration-20260820-001,fitted,F5,7,1000,3553592077791088219,12487575355206016709,17299906105806225663,,,10142672908255808472
151,null-calibration-20260820-001,fitted,F5,7,2000,3553592077791088219,12487575355206016709,13389333502525521856,,,14011531697889026816
152,null-calibration-20260820-001,fitted,F6,7,250,5096464489467133372,548122621235037117,10513856089349256230,,,7866502839130686123
153,null-calibration-20260820-001,fitted,F6,7,500,5096464489467133372,548122621235037117,9064207449418355986,,,7551960487222721718
154,null-calibration-20260820-001,fitted,F6,7,1000,5096464489467133372,548122621235037117,3862631582993597906,,,14486938931557007229
155,null-calibration-20260820-001,fitted,F6,7,2000,5096464489467133372,548122621235037117,17208298726427452661,,,6203999478820245013
156,null-calibration-20260820-001,reference,reference,7,250,,,,16438393371999783603,10823896814221449130,17519301793351225564
157,null-calibration-20260820-001,reference,reference,7,500,,,,15502456437618278998,18029444699262817353,6699114817360877198
158,null-calibration-20260820-001,reference,reference,7,1000,,,,2832714646095658148,2376926250517155955,16665357375439926828
159,null-calibration-20260820-001,reference,reference,7,2000,,,,6933498797008640066,2594955918905238705,10747562500709180808
160,null-calibration-20260820-001,fitted,F1,8,250,691841116092506319,5086284532089712915,1018961036175971804,,,15700044016871033151
161,null-calibration-20260820-001,fitted,F1,8,500,691841116092506319,5086284532089712915,10783183034777460816,,,1348860867524267605
162,null-calibration-20260820-001,fitted,F1,8,1000,691841116092506319,5086284532089712915,8501779410334205154,,,17624278208879931256
163,null-calibration-20260820-001,fitted,F1,8,2000,691841116092506319,5086284532089712915,169042901472774186,,,10517366895622338479
164,null-calibration-20260820-001,fitted,F4,8,250,16060861550200660337,5227738374517036321,11358825553714361038,,,2921040758290348255
165,null-calibration-20260820-001,fitted,F4,8,500,16060861550200660337,5227738374517036321,4710853357666529164,,,4334283086170217869
166,null-calibration-20260820-001,fitted,F4,8,1000,16060861550200660337,5227738374517036321,211780190961097669,,,7599540023493329465
167,null-calibration-20260820-001,fitted,F4,8,2000,16060861550200660337,5227738374517036321,13370385406349331490,,,3876289133659574210
168,null-calibration-20260820-001,fitted,F5,8,250,2186424366446503533,6768194557615669080,2022438109533375717,,,16616400370785080554
169,null-calibration-20260820-001,fitted,F5,8,500,2186424366446503533,6768194557615669080,12042516529216669246,,,1732450954878225472
170,null-calibration-20260820-001,fitted,F5,8,1000,2186424366446503533,6768194557615669080,10741347595592277705,,,16811329823571521304
171,null-calibration-20260820-001,fitted,F5,8,2000,2186424366446503533,6768194557615669080,4457838747020596385,,,12633574119664558851
172,null-calibration-20260820-001,fitted,F6,8,250,14920248677671361933,15285375590382677769,8893418487091023124,,,5212632403398727752
173,null-calibration-20260820-001,fitted,F6,8,500,14920248677671361933,15285375590382677769,9994795602412810528,,,11761877546875403048
174,null-calibration-20260820-001,fitted,F6,8,1000,14920248677671361933,15285375590382677769,4561082162994410691,,,16161688232387461944
175,null-calibration-20260820-001,fitted,F6,8,2000,14920248677671361933,15285375590382677769,3935127973195902648,,,17580729451975141648
176,null-calibration-20260820-001,reference,reference,8,250,,,,5263205536489195003,7756034358372247666,6813004766762126507
177,null-calibration-20260820-001,reference,reference,8,500,,,,16650202217992818645,11052131466522198594,757792411489514831
178,null-calibration-20260820-001,reference,reference,8,1000,,,,17757344577133671192,6935307523212696958,4048933064436847923
179,null-calibration-20260820-001,reference,reference,8,2000,,,,15600358936056901755,12902992051256969982,6488800918509990913
180,null-calibration-20260820-001,fitted,F1,9,250,13694446063747130655,15566833895092642032,10183718268919037281,,,6597669072597620636
181,null-calibration-20260820-001,fitted,F1,9,500,13694446063747130655,15566833895092642032,2778255821862706985,,,37122434800164440
182,null-calibration-20260820-001,fitted,F1,9,1000,13694446063747130655,15566833895092642032,12101910596737615537,,,9063002291174024638
183,null-calibration-20260820-001,fitted,F1,9,2000,13694446063747130655,15566833895092642032,12255523073989669247,,,17437168911277890414
184,null-calibration-20260820-001,fitted,F4,9,250,138345400850428522,8798526877442957521,12902532596654677049,,,9208799344500250986
185,null-calibration-20260820-001,fitted,F4,9,500,138345400850428522,8798526877442957521,18259109837357141607,,,12811087079033052565
186,null-calibration-20260820-001,fitted,F4,9,1000,138345400850428522,8798526877442957521,23225506685039725,,,1363705874312461539
187,null-calibration-20260820-001,fitted,F4,9,2000,138345400850428522,8798526877442957521,5619686157046750149,,,9903486779581245287
188,null-calibration-20260820-001,fitted,F5,9,250,6894155546303082559,7314024273735995722,18135133091438693090,,,14409436665811474231
189,null-calibration-20260820-001,fitted,F5,9,500,6894155546303082559,7314024273735995722,13574676095344779637,,,9709497149648854842
190,null-calibration-20260820-001,fitted,F5,9,1000,6894155546303082559,7314024273735995722,6677543206090955550,,,10772532790007552926
191,null-calibration-20260820-001,fitted,F5,9,2000,6894155546303082559,7314024273735995722,17726757722113444434,,,12069288480905912611
192,null-calibration-20260820-001,fitted,F6,9,250,7538959225975299280,2980620333197950383,11243775209815973119,,,12730738233494262771
193,null-calibration-20260820-001,fitted,F6,9,500,7538959225975299280,2980620333197950383,8783043614178203087,,,865405330839248949
194,null-calibration-20260820-001,fitted,F6,9,1000,7538959225975299280,2980620333197950383,13320251716165749989,,,5319922071047706059
195,null-calibration-20260820-001,fitted,F6,9,2000,7538959225975299280,2980620333197950383,15051191376755570649,,,14660052507424728387
196,null-calibration-20260820-001,reference,reference,9,250,,,,16708291638371109997,13471855933596820897,16343717926364329284
197,null-calibration-20260820-001,reference,reference,9,500,,,,5371715983062587214,16846814114012654642,2745774184825549522
198,null-calibration-20260820-001,reference,reference,9,1000,,,,2728715554218895072,4402248353029694699,13532642657402518742
199,null-calibration-20260820-001,reference,reference,9,2000,,,,5124636255716035866,15920760832334772643,6504343669856939746
200,null-calibration-20260820-001,fitted,F1,10,250,12307535199361365756,15281541875160866943,2703276849110467623,,,9787366877446893965
201,null-calibration-20260820-001,fitted,F1,10,500,12307535199361365756,15281541875160866943,17515979634408389361,,,16890052580430077088
202,null-calibration-20260820-001,fitted,F1,10,1000,12307535199361365756,15281541875160866943,9180295391617850002,,,8672086731656213355
203,null-calibration-20260820-001,fitted,F1,10,2000,12307535199361365756,15281541875160866943,17479848399466443045,,,7449788091311706154
204,null-calibration-20260820-001,fitted,F4,10,250,10261329203588949,16812024489915082459,195564040118697843,,,15851333521310800638
205,null-calibration-20260820-001,fitted,F4,10,500,10261329203588949,16812024489915082459,421852067368146411,,,14506360182858885939
206,null-calibration-20260820-001,fitted,F4,10,1000,10261329203588949,16812024489915082459,6374892473271586002,,,12159360424135312910
207,null-calibration-20260820-001,fitted,F4,10,2000,10261329203588949,16812024489915082459,1485494624209115397,,,8468153343829813121
208,null-calibration-20260820-001,fitted,F5,10,250,9527181993252344169,18216373729564699925,15680640621310347201,,,841400747321726112
209,null-calibration-20260820-001,fitted,F5,10,500,9527181993252344169,18216373729564699925,9747625012954492087,,,2259633006733903292
210,null-calibration-20260820-001,fitted,F5,10,1000,9527181993252344169,18216373729564699925,2040348304925628958,,,14693451480158664354
211,null-calibration-20260820-001,fitted,F5,10,2000,9527181993252344169,18216373729564699925,8784739840222937183,,,7549419188041248125
212,null-calibration-20260820-001,fitted,F6,10,250,15314055643209913471,4785439029703639128,7485084519240704710,,,4015550616673652966
213,null-calibration-20260820-001,fitted,F6,10,500,15314055643209913471,4785439029703639128,10142070273404544908,,,4350493145673156882
214,null-calibration-20260820-001,fitted,F6,10,1000,15314055643209913471,4785439029703639128,1260703175435093038,,,12990992952347620457
215,null-calibration-20260820-001,fitted,F6,10,2000,15314055643209913471,4785439029703639128,3936813719007909751,,,9420766794223959009
216,null-calibration-20260820-001,reference,reference,10,250,,,,819868499422673598,6927218941355264976,11147671511054106331
217,null-calibration-20260820-001,reference,reference,10,500,,,,1615532404625196695,12026444187453173755,8047966450357001611
218,null-calibration-20260820-001,reference,reference,10,1000,,,,4499974080115358238,10087590773294040391,1749887826822204615
219,null-calibration-20260820-001,reference,reference,10,2000,,,,14635995431745530490,3540324517826992326,18094475223062395657
220,null-calibration-20260820-001,fitted,F1,11,250,2160592055762712549,9178826250523417899,1770554925370244534,,,4771643779232491704
221,null-calibration-20260820-001,fitted,F1,11,500,2160592055762712549,9178826250523417899,1040649917730741775,,,12656845493880123076
222,null-calibration-20260820-001,fitted,F1,11,1000,2160592055762712549,9178826250523417899,6769098231329623254,,,6042454147085885184
223,null-calibration-20260820-001,fitted,F1,11,2000,2160592055762712549,9178826250523417899,16456869036014108709,,,12822486634810118650
224,null-calibration-20260820-001,fitted,F4,11,250,12253283583342204981,12696063024367060260,8116433075681758618,,,8798436791449099929
225,null-calibration-20260820-001,fitted,F4,11,500,12253283583342204981,12696063024367060260,8353091999941037542,,,199482371826063927
226,null-calibration-20260820-001,fitted,F4,11,1000,12253283583342204981,12696063024367060260,14355081812471619721,,,15428378323320683011
227,null-calibration-20260820-001,fitted,F4,11,2000,12253283583342204981,12696063024367060260,6798186867578582783,,,11283011012393739310
228,null-calibration-20260820-001,fitted,F5,11,250,18259542438082978826,16143979922022313632,16550273224878635250,,,18199556039935385552
229,null-calibration-20260820-001,fitted,F5,11,500,18259542438082978826,16143979922022313632,3102926114527699778,,,16841393776973483081
230,null-calibration-20260820-001,fitted,F5,11,1000,18259542438082978826,16143979922022313632,4162561331930925396,,,3237425711760181428
231,null-calibration-20260820-001,fitted,F5,11,2000,18259542438082978826,16143979922022313632,11194079708799658371,,,18324245473025783205
232,null-calibration-20260820-001,fitted,F6,11,250,4932551031955002610,1420089687667021945,13318602952797498165,,,11193695720098125901
233,null-calibration-20260820-001,fitted,F6,11,500,4932551031955002610,1420089687667021945,16273361378604789310,,,6010122144724195339
234,null-calibration-20260820-001,fitted,F6,11,1000,4932551031955002610,1420089687667021945,3200863888192831484,,,12996559837725272142
235,null-calibration-20260820-001,fitted,F6,11,2000,4932551031955002610,1420089687667021945,17300290651918328913,,,4968905618877470576
236,null-calibration-20260820-001,reference,reference,11,250,,,,5179914688628640870,3330724653294181377,10761778520218237875
237,null-calibration-20260820-001,reference,reference,11,500,,,,11278252747223736307,2784148893973392826,10752514207893972579
238,null-calibration-20260820-001,reference,reference,11,1000,,,,16037594059372997789,12055554742801548884,13950102012626099757
239,null-calibration-20260820-001,reference,reference,11,2000,,,,4131098730799335815,5970081915931762029,4051893870314443498
240,null-calibration-20260820-001,fitted,F1,12,250,14587759625756956949,10804796608678144529,13576016268428212755,,,16698679526227781882
241,null-calibration-20260820-001,fitted,F1,12,500,14587759625756956949,10804796608678144529,14891213074516835063,,,7347901770872531033
242,null-calibration-20260820-001,fitted,F1,12,1000,14587759625756956949,10804796608678144529,11680548492750025799,,,9168592957154713672
243,null-calibration-20260820-001,fitted,F1,12,2000,14587759625756956949,10804796608678144529,5218426081233494366,,,11817552121759847799
244,null-calibration-20260820-001,fitted,F4,12,250,7448703718460064882,980581766832660545,1072194706545622362,,,6848544330236655132
245,null-calibration-20260820-001,fitted,F4,12,500,7448703718460064882,980581766832660545,18170896369186018837,,,6301831912183285684
246,null-calibration-20260820-001,fitted,F4,12,1000,7448703718460064882,980581766832660545,8731723427108480973,,,2937316049894078235
247,null-calibration-20260820-001,fitted,F4,12,2000,7448703718460064882,980581766832660545,6711844741824415465,,,9803067492985130127
248,null-calibration-20260820-001,fitted,F5,12,250,18282275373592722971,17584984888226667975,3012593267300446175,,,4518790533620044004
249,null-calibration-20260820-001,fitted,F5,12,500,18282275373592722971,17584984888226667975,2204667612436468146,,,13105309541681512788
250,null-calibration-20260820-001,fitted,F5,12,1000,18282275373592722971,17584984888226667975,6639161506207807895,,,6393119630323684255
251,null-calibration-20260820-001,fitted,F5,12,2000,18282275373592722971,17584984888226667975,3045599156719894401,,,8926695405253647351
252,null-calibration-20260820-001,fitted,F6,12,250,10940056957967055097,11090257841453962591,12781298319204382380,,,15954905900270528291
253,null-calibration-20260820-001,fitted,F6,12,500,10940056957967055097,11090257841453962591,6874891897212341013,,,13608101850992917739
254,null-calibration-20260820-001,fitted,F6,12,1000,10940056957967055097,11090257841453962591,602086453146321750,,,8151725042624068741
255,null-calibration-20260820-001,fitted,F6,12,2000,10940056957967055097,11090257841453962591,12473857422569010561,,,14067820124304725692
256,null-calibration-20260820-001,reference,reference,12,250,,,,8465551871191032762,3787604822696036320,3220770609890181806
257,null-calibration-20260820-001,reference,reference,12,500,,,,5095838572795012597,3663542563938787768,6222039158908478797
258,null-calibration-20260820-001,reference,reference,12,1000,,,,14664460603341986947,10404467345895238928,6445798870065559193
259,null-calibration-20260820-001,reference,reference,12,2000,,,,926692928227745478,238331641549551315,18007212135694360564
260,null-calibration-20260820-001,fitted,F1,13,250,287365261515469481,15637565310332914520,15095301717277646690,,,4579337160520635296
261,null-calibration-20260820-001,fitted,F1,13,500,287365261515469481,15637565310332914520,9486487274930806738,,,18000361958440919566
262,null-calibration-20260820-001,fitted,F1,13,1000,287365261515469481,15637565310332914520,15654246399177947812,,,12729921930047365944
263,null-calibration-20260820-001,fitted,F1,13,2000,287365261515469481,15637565310332914520,14560022406554066344,,,5613252052515411899
264,null-calibration-20260820-001,fitted,F4,13,250,11002240859583629504,10494361258084402182,9467980194036228227,,,4742539290834160650
265,null-calibration-20260820-001,fitted,F4,13,500,11002240859583629504,10494361258084402182,16412853340044253597,,,11077439657309020290
266,null-calibration-20260820-001,fitted,F4,13,1000,11002240859583629504,10494361258084402182,5913933560115739675,,,9967503340678279993
267,null-calibration-20260820-001,fitted,F4,13,2000,11002240859583629504,10494361258084402182,792636055982582147,,,17076258015605754032
268,null-calibration-20260820-001,fitted,F5,13,250,14686020198205070109,2691934767556373776,2248516879502835457,,,6025996086375152905
269,null-calibration-20260820-001,fitted,F5,13,500,14686020198205070109,2691934767556373776,10720758951348004997,,,6643896725639959709
270,null-calibration-20260820-001,fitted,F5,13,1000,14686020198205070109,2691934767556373776,1800177091112286817,,,2749262541936991723
271,null-calibration-20260820-001,fitted,F5,13,2000,14686020198205070109,2691934767556373776,11116068214879198251,,,15789934181913446527
272,null-calibration-20260820-001,fitted,F6,13,250,18139427425006539580,8494862284672004474,8525463659507229568,,,11223298865873958364
273,null-calibration-20260820-001,fitted,F6,13,500,18139427425006539580,8494862284672004474,774697747056843121,,,12060273608688771289
274,null-calibration-20260820-001,fitted,F6,13,1000,18139427425006539580,8494862284672004474,2971309572558925739,,,9987947180808640213
275,null-calibration-20260820-001,fitted,F6,13,2000,18139427425006539580,8494862284672004474,117827872153334212,,,10324474171692185237
276,null-calibration-20260820-001,reference,reference,13,250,,,,4243465071347508978,8755895440778088992,7648693385981343948
277,null-calibration-20260820-001,reference,reference,13,500,,,,17687276534512371150,299053912547342154,8092952853678007593
278,null-calibration-20260820-001,reference,reference,13,1000,,,,16532371094159042084,5851157406273619043,12176577473132722945
279,null-calibration-20260820-001,reference,reference,13,2000,,,,16850592175943765029,6755979734044680097,13480016506571533935
280,null-calibration-20260820-001,fitted,F1,14,250,11908340502545630024,1499211027938419080,12596901572747107697,,,4024171399388273456
281,null-calibration-20260820-001,fitted,F1,14,500,11908340502545630024,1499211027938419080,2166454743396839965,,,15688104378969442517
282,null-calibration-20260820-001,fitted,F1,14,1000,11908340502545630024,1499211027938419080,15592635846527251842,,,8689846006732717705
283,null-calibration-20260820-001,fitted,F1,14,2000,11908340502545630024,1499211027938419080,11023167332950827698,,,5602363363098868299
284,null-calibration-20260820-001,fitted,F4,14,250,10231820755168451621,11560656121077533329,15757222131676287216,,,16877730896415509714
285,null-calibration-20260820-001,fitted,F4,14,500,10231820755168451621,11560656121077533329,7600204907855957961,,,6213513985308859305
286,null-calibration-20260820-001,fitted,F4,14,1000,10231820755168451621,11560656121077533329,5988203098974450184,,,10738874505469109139
287,null-calibration-20260820-001,fitted,F4,14,2000,10231820755168451621,11560656121077533329,11386944300180501854,,,7574250701054001803
288,null-calibration-20260820-001,fitted,F5,14,250,7775849506300155728,9456633735437317411,22560345046603837,,,18444274758067582319
289,null-calibration-20260820-001,fitted,F5,14,500,7775849506300155728,9456633735437317411,12316532799253150345,,,3825871253251590002
290,null-calibration-20260820-001,fitted,F5,14,1000,7775849506300155728,9456633735437317411,11760009278876048919,,,6860709649836243625
291,null-calibration-20260820-001,fitted,F5,14,2000,7775849506300155728,9456633735437317411,11272011257817628782,,,4916226384087028959
292,null-calibration-20260820-001,fitted,F6,14,250,9112812908735057438,2756446725873230060,2770557354078103209,,,15113650089794437466
293,null-calibration-20260820-001,fitted,F6,14,500,9112812908735057438,2756446725873230060,2184313883875969434,,,17759725237099477474
294,null-calibration-20260820-001,fitted,F6,14,1000,9112812908735057438,2756446725873230060,10795242058446165154,,,15317380231562900027
295,null-calibration-20260820-001,fitted,F6,14,2000,9112812908735057438,2756446725873230060,10424439484863278171,,,13851997002535588823
296,null-calibration-20260820-001,reference,reference,14,250,,,,15725609682086231439,10150781582885175598,9343095248834962910
297,null-calibration-20260820-001,reference,reference,14,500,,,,1281072860306474481,14575326387569907614,8935164755896866915
298,null-calibration-20260820-001,reference,reference,14,1000,,,,15570900536545342532,10869718800618148596,10985864547711997205
299,null-calibration-20260820-001,reference,reference,14,2000,,,,15944781603507570586,9588175247836009939,81403942642251531
300,null-calibration-20260820-001,fitted,F1,15,250,10648008462456255294,14165224264109345095,12204112057426605605,,,13135550426082240185
301,null-calibration-20260820-001,fitted,F1,15,500,10648008462456255294,14165224264109345095,7685542841927113929,,,12472857782290744039
302,null-calibration-20260820-001,fitted,F1,15,1000,10648008462456255294,14165224264109345095,2639613807301240702,,,18237602852197314838
303,null-calibration-20260820-001,fitted,F1,15,2000,10648008462456255294,14165224264109345095,7274768093866944931,,,2479681790985689812
304,null-calibration-20260820-001,fitted,F4,15,250,10562554050451406643,1969038875535247514,5085830156532011780,,,6972732755176026751
305,null-calibration-20260820-001,fitted,F4,15,500,10562554050451406643,1969038875535247514,13403770009042583502,,,5893826704873095817
306,null-calibration-20260820-001,fitted,F4,15,1000,10562554050451406643,1969038875535247514,12433598251163963772,,,17206270777135597439
307,null-calibration-20260820-001,fitted,F4,15,2000,10562554050451406643,1969038875535247514,9044180897361256480,,,6635024583523530666
308,null-calibration-20260820-001,fitted,F5,15,250,3403835603212068442,9545163115918321912,12144136705191246216,,,6441320288106858122
309,null-calibration-20260820-001,fitted,F5,15,500,3403835603212068442,9545163115918321912,7494354610062056787,,,10031473694274743628
310,null-calibration-20260820-001,fitted,F5,15,1000,3403835603212068442,9545163115918321912,10236434832790268692,,,16479435490150954766
311,null-calibration-20260820-001,fitted,F5,15,2000,3403835603212068442,9545163115918321912,8661696388022837034,,,8749966701259368745
312,null-calibration-20260820-001,fitted,F6,15,250,11354144182362604815,17874476181612421505,5364578602219509313,,,12673313886302039530
313,null-calibration-20260820-001,fitted,F6,15,500,11354144182362604815,17874476181612421505,2709760086046638145,,,8820325108966018347
314,null-calibration-20260820-001,fitted,F6,15,1000,11354144182362604815,17874476181612421505,1813579845535705434,,,12567478609797651455
315,null-calibration-20260820-001,fitted,F6,15,2000,11354144182362604815,17874476181612421505,1320285969700188231,,,15361238657010988406
316,null-calibration-20260820-001,reference,reference,15,250,,,,10238730751876637647,7782561489708972747,7452383214127459104
317,null-calibration-20260820-001,reference,reference,15,500,,,,1225019692199652546,12913407677869635751,13667736205155564664
318,null-calibration-20260820-001,reference,reference,15,1000,,,,9798327246213187958,5096923961096983563,3724945678927823502
319,null-calibration-20260820-001,reference,reference,15,2000,,,,16119172269207192073,15136899621471980433,11374520237050508441
320,null-calibration-20260820-001,fitted,F1,16,250,6840474630889299498,16019200866104036861,11598816877919232122,,,12439626406477717817
321,null-calibration-20260820-001,fitted,F1,16,500,6840474630889299498,16019200866104036861,12868926628560243735,,,10942224444235890788
322,null-calibration-20260820-001,fitted,F1,16,1000,6840474630889299498,16019200866104036861,2777010268877799788,,,3292498696969316926
323,null-calibration-20260820-001,fitted,F1,16,2000,6840474630889299498,16019200866104036861,12494688134282732790,,,17997679244415959970
324,null-calibration-20260820-001,fitted,F4,16,250,16624099992189165830,12892852973796500644,17227823705288450357,,,140424123946143581
325,null-calibration-20260820-001,fitted,F4,16,500,16624099992189165830,12892852973796500644,3240686856754473735,,,13060231598863633981
326,null-calibration-20260820-001,fitted,F4,16,1000,16624099992189165830,12892852973796500644,8162603538204665113,,,3028491612300781401
327,null-calibration-20260820-001,fitted,F4,16,2000,16624099992189165830,12892852973796500644,17259048464917944169,,,4058233450658841890
328,null-calibration-20260820-001,fitted,F5,16,250,9809112676082577970,728216404978882798,3396712276524368723,,,4397666356586489096
329,null-calibration-20260820-001,fitted,F5,16,500,9809112676082577970,728216404978882798,2818079674049203862,,,4618217763661327931
330,null-calibration-20260820-001,fitted,F5,16,1000,9809112676082577970,728216404978882798,14207329616470842619,,,983744414139162613
331,null-calibration-20260820-001,fitted,F5,16,2000,9809112676082577970,728216404978882798,10335739726061379354,,,17730924154631113680
332,null-calibration-20260820-001,fitted,F6,16,250,112139817424201983,1429971163497365900,6863330914073524387,,,10127951569103937447
333,null-calibration-20260820-001,fitted,F6,16,500,112139817424201983,1429971163497365900,2182358084382564831,,,11460724184190587328
334,null-calibration-20260820-001,fitted,F6,16,1000,112139817424201983,1429971163497365900,1578266615111651668,,,15568174071019649466
335,null-calibration-20260820-001,fitted,F6,16,2000,112139817424201983,1429971163497365900,13018217565981218534,,,4128074122634610715
336,null-calibration-20260820-001,reference,reference,16,250,,,,5254245829544430043,7514506769715658741,9716847138286203091
337,null-calibration-20260820-001,reference,reference,16,500,,,,2648475796473880615,10098329406634353497,6764690182733164344
338,null-calibration-20260820-001,reference,reference,16,1000,,,,9539487800125213408,18265644541877153923,8502028988631298770
339,null-calibration-20260820-001,reference,reference,16,2000,,,,1833120091677631987,658761911076400626,17554956223211191305
340,null-calibration-20260820-001,fitted,F1,17,250,5645015814667409915,2613822961975172920,17517042779717561275,,,8438494516820500904
341,null-calibration-20260820-001,fitted,F1,17,500,5645015814667409915,2613822961975172920,15769569503195269914,,,13527718291520894565
342,null-calibration-20260820-001,fitted,F1,17,1000,5645015814667409915,2613822961975172920,7692678194147679884,,,15570859911345485872
343,null-calibration-20260820-001,fitted,F1,17,2000,5645015814667409915,2613822961975172920,16980899025357869755,,,8175273241298950379
344,null-calibration-20260820-001,fitted,F4,17,250,15140028997239894490,6618162472825137094,6737874553280662500,,,14511169337392675693
345,null-calibration-20260820-001,fitted,F4,17,500,15140028997239894490,6618162472825137094,17227747101060831399,,,6015604972867037627
346,null-calibration-20260820-001,fitted,F4,17,1000,15140028997239894490,6618162472825137094,2750781484875202999,,,2322664606260287194
347,null-calibration-20260820-001,fitted,F4,17,2000,15140028997239894490,6618162472825137094,11496640830247705555,,,16483692658528994052
348,null-calibration-20260820-001,fitted,F5,17,250,15788028662452214090,2715063822302192485,12133516929292489469,,,12885450121985744903
349,null-calibration-20260820-001,fitted,F5,17,500,15788028662452214090,2715063822302192485,4269751070615991680,,,8878883556628061731
350,null-calibration-20260820-001,fitted,F5,17,1000,15788028662452214090,2715063822302192485,14089329304374287265,,,16096925333752646801
351,null-calibration-20260820-001,fitted,F5,17,2000,15788028662452214090,2715063822302192485,5910587421383819190,,,6988502569403374837
352,null-calibration-20260820-001,fitted,F6,17,250,5679283391483508364,18414495393830611463,10107892405941203994,,,5036996062603260541
353,null-calibration-20260820-001,fitted,F6,17,500,5679283391483508364,18414495393830611463,8121339781341376586,,,12036703990159663179
354,null-calibration-20260820-001,fitted,F6,17,1000,5679283391483508364,18414495393830611463,2245733126533401743,,,9892871040073924198
355,null-calibration-20260820-001,fitted,F6,17,2000,5679283391483508364,18414495393830611463,5192759074826038593,,,8855689401368599962
356,null-calibration-20260820-001,reference,reference,17,250,,,,7276018434171277803,6678887982088867605,11346775885507307408
357,null-calibration-20260820-001,reference,reference,17,500,,,,1917973144573747339,1166574326195209814,13874116796038396768
358,null-calibration-20260820-001,reference,reference,17,1000,,,,14535612176281256910,17630027360369456965,4939805038761321397
359,null-calibration-20260820-001,reference,reference,17,2000,,,,2144000716020794812,17025646609028606528,6513802109293569219
360,null-calibration-20260820-001,fitted,F1,18,250,15786720572701913104,12866216528117274205,7933905418303569074,,,1277599492061172056
361,null-calibration-20260820-001,fitted,F1,18,500,15786720572701913104,12866216528117274205,3622516699578542228,,,823508967530237348
362,null-calibration-20260820-001,fitted,F1,18,1000,15786720572701913104,12866216528117274205,9370670129967168964,,,10608050409191069852
363,null-calibration-20260820-001,fitted,F1,18,2000,15786720572701913104,12866216528117274205,14365151707035701138,,,9248531690445117315
364,null-calibration-20260820-001,fitted,F4,18,250,5332361954930171718,10977663909560945698,5190789305476356192,,,1869206655460632123
365,null-calibration-20260820-001,fitted,F4,18,500,5332361954930171718,10977663909560945698,15554481555955822248,,,10451764230495526398
366,null-calibration-20260820-001,fitted,F4,18,1000,5332361954930171718,10977663909560945698,16587126257116126058,,,14231451428931211092
367,null-calibration-20260820-001,fitted,F4,18,2000,5332361954930171718,10977663909560945698,18143937091134823912,,,14005035765241072175
368,null-calibration-20260820-001,fitted,F5,18,250,7113119847380694168,6150730150251338540,18064502463964703575,,,8794912133717077324
369,null-calibration-20260820-001,fitted,F5,18,500,7113119847380694168,6150730150251338540,13765593323947290048,,,2196024504543093677
370,null-calibration-20260820-001,fitted,F5,18,1000,7113119847380694168,6150730150251338540,2580466259728618591,,,244855948267974442
371,null-calibration-20260820-001,fitted,F5,18,2000,7113119847380694168,6150730150251338540,12201577671539876149,,,9039785843802701124
372,null-calibration-20260820-001,fitted,F6,18,250,14292353449608136250,5031941466326943956,7796514236010634298,,,4812804364040961355
373,null-calibration-20260820-001,fitted,F6,18,500,14292353449608136250,5031941466326943956,8568636886245773361,,,7858795618617768854
374,null-calibration-20260820-001,fitted,F6,18,1000,14292353449608136250,5031941466326943956,9457823923153182432,,,15530886848627433350
375,null-calibration-20260820-001,fitted,F6,18,2000,14292353449608136250,5031941466326943956,7356145375084566286,,,810742365442490733
376,null-calibration-20260820-001,reference,reference,18,250,,,,12062638373153111925,11829446155989536590,17834286209657890483
377,null-calibration-20260820-001,reference,reference,18,500,,,,3574299865777745683,14542688899446133105,1408422016187613917
378,null-calibration-20260820-001,reference,reference,18,1000,,,,3053568273036735095,14481324111285850356,11998926963721467340
379,null-calibration-20260820-001,reference,reference,18,2000,,,,3283443068235888230,12541945730574803857,2037196006637153634
380,null-calibration-20260820-001,fitted,F1,19,250,14290359515207336399,11469921027469034054,4385653324305030682,,,2342995638694096649
381,null-calibration-20260820-001,fitted,F1,19,500,14290359515207336399,11469921027469034054,1836677267997039637,,,2666413670764364044
382,null-calibration-20260820-001,fitted,F1,19,1000,14290359515207336399,11469921027469034054,15249668549692765462,,,1941450553508556532
383,null-calibration-20260820-001,fitted,F1,19,2000,14290359515207336399,11469921027469034054,4282493199831694543,,,17858133423331095862
384,null-calibration-20260820-001,fitted,F4,19,250,8506784323820320788,756569306797207137,15700314778097916727,,,12219274518486338375
385,null-calibration-20260820-001,fitted,F4,19,500,8506784323820320788,756569306797207137,6041079085015426283,,,13762538141751258598
386,null-calibration-20260820-001,fitted,F4,19,1000,8506784323820320788,756569306797207137,1363028923613414747,,,18116390048830056379
387,null-calibration-20260820-001,fitted,F4,19,2000,8506784323820320788,756569306797207137,9738992933493288618,,,5604657039423768998
388,null-calibration-20260820-001,fitted,F5,19,250,13587124840877436072,4612166754449330425,2873917515946908435,,,2118250072629207666
389,null-calibration-20260820-001,fitted,F5,19,500,13587124840877436072,4612166754449330425,1184671498398833231,,,934420768720777812
390,null-calibration-20260820-001,fitted,F5,19,1000,13587124840877436072,4612166754449330425,11657357167345791282,,,17811221827360977472
391,null-calibration-20260820-001,fitted,F5,19,2000,13587124840877436072,4612166754449330425,14587480761372661529,,,6314598723994657780
392,null-calibration-20260820-001,fitted,F6,19,250,3058059490830373475,15326809414743972226,4119527805417132973,,,6595596721234455874
393,null-calibration-20260820-001,fitted,F6,19,500,3058059490830373475,15326809414743972226,3086965515660152529,,,8461029327874596228
394,null-calibration-20260820-001,fitted,F6,19,1000,3058059490830373475,15326809414743972226,14544414404115442691,,,4763482717029849492
395,null-calibration-20260820-001,fitted,F6,19,2000,3058059490830373475,15326809414743972226,13679894482605178995,,,13071117356067548647
396,null-calibration-20260820-001,reference,reference,19,250,,,,8924188703198441857,15776795478412783372,17107898696565500704
397,null-calibration-20260820-001,reference,reference,19,500,,,,11162689491050210310,1434163979882764347,10975437768095203511
398,null-calibration-20260820-001,reference,reference,19,1000,,,,9656795175181143618,5226032109574726407,4238713673120666938
399,null-calibration-20260820-001,reference,reference,19,2000,,,,4880753412973887977,18420273606874531801,16290616417568293987
400,null-calibration-20260820-001,fitted,F1,20,250,1175190634032887206,13899596375987336446,17084879961713086478,,,15911565812997559239
401,null-calibration-20260820-001,fitted,F1,20,500,1175190634032887206,13899596375987336446,7598109453200477919,,,6222881982680814832
402,null-calibration-20260820-001,fitted,F1,20,1000,1175190634032887206,13899596375987336446,4494684210020605025,,,9718514791080551484
403,null-calibration-20260820-001,fitted,F1,20,2000,1175190634032887206,13899596375987336446,11530611132659592119,,,15951734035894295972
404,null-calibration-20260820-001,fitted,F4,20,250,13121902816146602679,18210149407335713182,15911192876639985107,,,15640565395782299496
405,null-calibration-20260820-001,fitted,F4,20,500,13121902816146602679,18210149407335713182,13733764719219820909,,,11419411462481771009
406,null-calibration-20260820-001,fitted,F4,20,1000,13121902816146602679,18210149407335713182,15421086194869226637,,,13801424078856553829
407,null-calibration-20260820-001,fitted,F4,20,2000,13121902816146602679,18210149407335713182,15170375554071369295,,,5091577141383228883
408,null-calibration-20260820-001,fitted,F5,20,250,2939365925380448818,8315177683832617219,2344179437401840060,,,2549525540610369694
409,null-calibration-20260820-001,fitted,F5,20,500,2939365925380448818,8315177683832617219,2523046218610174210,,,4978871701459542451
410,null-calibration-20260820-001,fitted,F5,20,1000,2939365925380448818,8315177683832617219,15927587496671998640,,,13038043066879278802
411,null-calibration-20260820-001,fitted,F5,20,2000,2939365925380448818,8315177683832617219,2488645184059523016,,,15171256239629303232
412,null-calibration-20260820-001,fitted,F6,20,250,15932207892464149075,3582627189763668494,10422472714212219942,,,16201882906668600987
413,null-calibration-20260820-001,fitted,F6,20,500,15932207892464149075,3582627189763668494,1779207394813668440,,,1002282075590937793
414,null-calibration-20260820-001,fitted,F6,20,1000,15932207892464149075,3582627189763668494,16203364222494416408,,,15486588911978991959
415,null-calibration-20260820-001,fitted,F6,20,2000,15932207892464149075,3582627189763668494,11815399851408182271,,,10089886090819808983
416,null-calibration-20260820-001,reference,reference,20,250,,,,6152762244211588626,10125288977526839590,8429333964935268305
417,null-calibration-20260820-001,reference,reference,20,500,,,,8412023262353951910,9285530269332265043,8961318269214374477
418,null-calibration-20260820-001,reference,reference,20,1000,,,,908998764515239796,4871874603945773294,12630614067140206847
419,null-calibration-20260820-001,reference,reference,20,2000,,,,7770162309998298592,17274639895821710680,6260674904169471834
420,null-calibration-20260820-001,fitted,F1,21,250,15419493066953325867,16748628023231603090,4522607379075920031,,,15152915104726464109
421,null-calibration-20260820-001,fitted,F1,21,500,15419493066953325867,16748628023231603090,15697019539817816464,,,13926224725466771798
422,null-calibration-20260820-001,fitted,F1,21,1000,15419493066953325867,16748628023231603090,9573805861531942009,,,2470706833562925318
423,null-calibration-20260820-001,fitted,F1,21,2000,15419493066953325867,16748628023231603090,10175528177121057074,,,294323772417551249
424,null-calibration-20260820-001,fitted,F4,21,250,9261058561075030695,17359821072205929679,10514502097681219465,,,5602090726528154337
425,null-calibration-20260820-001,fitted,F4,21,500,9261058561075030695,17359821072205929679,1918717527198957400,,,2883365890568031802
426,null-calibration-20260820-001,fitted,F4,21,1000,9261058561075030695,17359821072205929679,5804318849174893850,,,4412558850056675834
427,null-calibration-20260820-001,fitted,F4,21,2000,9261058561075030695,17359821072205929679,3357023280300094524,,,12842523519478484597
428,null-calibration-20260820-001,fitted,F5,21,250,14754817263146456509,6184391856955126312,9136432779249733583,,,12308988360304382602
429,null-calibration-20260820-001,fitted,F5,21,500,14754817263146456509,6184391856955126312,18254045148820014802,,,3657315846286734753
430,null-calibration-20260820-001,fitted,F5,21,1000,14754817263146456509,6184391856955126312,12855652042788294645,,,18299952969427357884
431,null-calibration-20260820-001,fitted,F5,21,2000,14754817263146456509,6184391856955126312,3564491065306503238,,,6744940949120738984
432,null-calibration-20260820-001,fitted,F6,21,250,14489978098151239630,5618368296503686128,9635950539197608314,,,16194525957706743048
433,null-calibration-20260820-001,fitted,F6,21,500,14489978098151239630,5618368296503686128,6180289537640151238,,,13945189416813558974
434,null-calibration-20260820-001,fitted,F6,21,1000,14489978098151239630,5618368296503686128,15286913339986412165,,,16095207617838584394
435,null-calibration-20260820-001,fitted,F6,21,2000,14489978098151239630,5618368296503686128,15716949288813016100,,,7460326012289485438
436,null-calibration-20260820-001,reference,reference,21,250,,,,4485337093098521821,12923233243828105625,7710643717317692753
437,null-calibration-20260820-001,reference,reference,21,500,,,,12936160116586618831,18167924339513591738,12254804267506167169
438,null-calibration-20260820-001,reference,reference,21,1000,,,,13914743136213579278,9814558085597705811,3470114510236758730
439,null-calibration-20260820-001,reference,reference,21,2000,,,,15751810726422780197,12355798756828158365,14837053965614865288
440,null-calibration-20260820-001,fitted,F1,22,250,1720495883637852335,4863247614173041179,16080131185300895527,,,11393256815015084370
441,null-calibration-20260820-001,fitted,F1,22,500,1720495883637852335,4863247614173041179,1304860925709818027,,,5975370506660117559
442,null-calibration-20260820-001,fitted,F1,22,1000,1720495883637852335,4863247614173041179,15026985266766689596,,,15913255736478548763
443,null-calibration-20260820-001,fitted,F1,22,2000,1720495883637852335,4863247614173041179,4235524874739789277,,,15610573858193861440
444,null-calibration-20260820-001,fitted,F4,22,250,4079478477647755942,5753210000014078454,984776534411120299,,,14683196629386100638
445,null-calibration-20260820-001,fitted,F4,22,500,4079478477647755942,5753210000014078454,14346470155332203932,,,10006980850257216987
446,null-calibration-20260820-001,fitted,F4,22,1000,4079478477647755942,5753210000014078454,559135997977667417,,,3778587753326836568
447,null-calibration-20260820-001,fitted,F4,22,2000,4079478477647755942,5753210000014078454,16173941500220851381,,,5763282391451017719
448,null-calibration-20260820-001,fitted,F5,22,250,3033599694322878048,16750749957200957330,17887134227719823488,,,13049028155919038716
449,null-calibration-20260820-001,fitted,F5,22,500,3033599694322878048,16750749957200957330,13377506993402363482,,,17052043215946471376
450,null-calibration-20260820-001,fitted,F5,22,1000,3033599694322878048,16750749957200957330,1561130268240813587,,,14820642547272145240
451,null-calibration-20260820-001,fitted,F5,22,2000,3033599694322878048,16750749957200957330,10508066710329398171,,,4621471217342051697
452,null-calibration-20260820-001,fitted,F6,22,250,9423870695458438287,13004482838955540291,15120765164539951673,,,2992705594168692756
453,null-calibration-20260820-001,fitted,F6,22,500,9423870695458438287,13004482838955540291,4317936701562317530,,,2912184101528795613
454,null-calibration-20260820-001,fitted,F6,22,1000,9423870695458438287,13004482838955540291,11940755490838728233,,,2107107530615927548
455,null-calibration-20260820-001,fitted,F6,22,2000,9423870695458438287,13004482838955540291,3591938054205091207,,,838694931244113142
456,null-calibration-20260820-001,reference,reference,22,250,,,,15276969915954708843,15684941414433371110,16291857866293512582
457,null-calibration-20260820-001,reference,reference,22,500,,,,3083703543094032797,2106655620687910807,9607249367586744224
458,null-calibration-20260820-001,reference,reference,22,1000,,,,9796488860721650773,16425197174895395180,11324280964858931239
459,null-calibration-20260820-001,reference,reference,22,2000,,,,17440213484684683072,2035942022590425347,1590458390244767293
460,null-calibration-20260820-001,fitted,F1,23,250,16744156877891310346,17824576834214005406,9575535983965527971,,,1577054070400918625
461,null-calibration-20260820-001,fitted,F1,23,500,16744156877891310346,17824576834214005406,7997997374667832728,,,5611854551356376994
462,null-calibration-20260820-001,fitted,F1,23,1000,16744156877891310346,17824576834214005406,10778839385887608893,,,5512694413049462871
463,null-calibration-20260820-001,fitted,F1,23,2000,16744156877891310346,17824576834214005406,9910824583283309942,,,10779424724062323144
464,null-calibration-20260820-001,fitted,F4,23,250,1869370923298992733,6009984367228382170,11723011704174737376,,,114248320621259611
465,null-calibration-20260820-001,fitted,F4,23,500,1869370923298992733,6009984367228382170,6942806138413044373,,,12368746015396214784
466,null-calibration-20260820-001,fitted,F4,23,1000,1869370923298992733,6009984367228382170,11467647492722780155,,,10598490801966313879
467,null-calibration-20260820-001,fitted,F4,23,2000,1869370923298992733,6009984367228382170,7895506903627751519,,,4063223973311493158
468,null-calibration-20260820-001,fitted,F5,23,250,8206601126100510160,13904463900708221690,18319061653382010913,,,10818530050665366711
469,null-calibration-20260820-001,fitted,F5,23,500,8206601126100510160,13904463900708221690,18283582875882442975,,,15400128063409621684
470,null-calibration-20260820-001,fitted,F5,23,1000,8206601126100510160,13904463900708221690,14013016928175070068,,,2704583515039808328
471,null-calibration-20260820-001,fitted,F5,23,2000,8206601126100510160,13904463900708221690,13767774666954671684,,,11535055637152670318
472,null-calibration-20260820-001,fitted,F6,23,250,5700745596572344432,9221871413643715296,8524166533500619958,,,9889591066848583071
473,null-calibration-20260820-001,fitted,F6,23,500,5700745596572344432,9221871413643715296,48653635849377719,,,7475483853516466815
474,null-calibration-20260820-001,fitted,F6,23,1000,5700745596572344432,9221871413643715296,6414181178886791035,,,1283138806200431807
475,null-calibration-20260820-001,fitted,F6,23,2000,5700745596572344432,9221871413643715296,386697303487376009,,,10449063954366998296
476,null-calibration-20260820-001,reference,reference,23,250,,,,3050795782667551396,2663242833940314899,15362458613183133011
477,null-calibration-20260820-001,reference,reference,23,500,,,,2220678798687159941,709297205082216229,5292263748597323907
478,null-calibration-20260820-001,reference,reference,23,1000,,,,3972360527082484297,9472270679501987177,3161056698981762433
479,null-calibration-20260820-001,reference,reference,23,2000,,,,12483319523455890652,16803280689819900780,3971916265660971842
480,null-calibration-20260820-001,fitted,F1,24,250,10723725661531007530,2429123806479834290,14744406944296813654,,,16587040167440415976
481,null-calibration-20260820-001,fitted,F1,24,500,10723725661531007530,2429123806479834290,17572761090803798524,,,3521575041387520823
482,null-calibration-20260820-001,fitted,F1,24,1000,10723725661531007530,2429123806479834290,6871402936927114635,,,13016052248404293009
483,null-calibration-20260820-001,fitted,F1,24,2000,10723725661531007530,2429123806479834290,7350977890499595798,,,850885493186580411
484,null-calibration-20260820-001,fitted,F4,24,250,10822386267925309425,10472112717759607710,10356902484473356622,,,15280267755196740373
485,null-calibration-20260820-001,fitted,F4,24,500,10822386267925309425,10472112717759607710,2231032443608523145,,,16278781369591027029
486,null-calibration-20260820-001,fitted,F4,24,1000,10822386267925309425,10472112717759607710,5095849760651164100,,,10973007164832276145
487,null-calibration-20260820-001,fitted,F4,24,2000,10822386267925309425,10472112717759607710,9060601367596402145,,,10217194976597947783
488,null-calibration-20260820-001,fitted,F5,24,250,12890512802282789101,2355696391852449009,7478768028646751306,,,11493711580446173343
489,null-calibration-20260820-001,fitted,F5,24,500,12890512802282789101,2355696391852449009,2879316128780188385,,,8912621019693612265
490,null-calibration-20260820-001,fitted,F5,24,1000,12890512802282789101,2355696391852449009,12396281043058980714,,,9776637664089745137
491,null-calibration-20260820-001,fitted,F5,24,2000,12890512802282789101,2355696391852449009,17794235409546918658,,,11880970775097377850
492,null-calibration-20260820-001,fitted,F6,24,250,14323148966563092043,193968606732842001,15338923911871076221,,,15272026164837274245
493,null-calibration-20260820-001,fitted,F6,24,500,14323148966563092043,193968606732842001,1568463815708534441,,,15333956611130646829
494,null-calibration-20260820-001,fitted,F6,24,1000,14323148966563092043,193968606732842001,14590895310455694587,,,9005793366083208087
495,null-calibration-20260820-001,fitted,F6,24,2000,14323148966563092043,193968606732842001,15151299855032005636,,,6301074167835884691
496,null-calibration-20260820-001,reference,reference,24,250,,,,16360230885338667091,9368357986036647228,16113365914116516985
497,null-calibration-20260820-001,reference,reference,24,500,,,,9612053944401114081,5196480402535833564,5206159472308105647
498,null-calibration-20260820-001,reference,reference,24,1000,,,,2708912215182791193,5157738267118638602,15592701931762840273
499,null-calibration-20260820-001,reference,reference,24,2000,,,,7569406284364614188,11612953023221652608,13521191362091291318
500,null-calibration-20260820-001,fitted,F1,25,250,7444991495943905436,517987824159647206,9947059922081305929,,,3259324077806170463
501,null-calibration-20260820-001,fitted,F1,25,500,7444991495943905436,517987824159647206,5470829581385935888,,,10257030802404199126
502,null-calibration-20260820-001,fitted,F1,25,1000,7444991495943905436,517987824159647206,5770532944625745433,,,9427370787345830107
503,null-calibration-20260820-001,fitted,F1,25,2000,7444991495943905436,517987824159647206,4949703709221226341,,,667249780965257234
504,null-calibration-20260820-001,fitted,F4,25,250,2091334644546769187,16988595421488090596,6865599799504154475,,,12170797644329086845
505,null-calibration-20260820-001,fitted,F4,25,500,2091334644546769187,16988595421488090596,12729374198646141664,,,12601666435842935414
506,null-calibration-20260820-001,fitted,F4,25,1000,2091334644546769187,16988595421488090596,11713493125585316374,,,17941710931593382448
507,null-calibration-20260820-001,fitted,F4,25,2000,2091334644546769187,16988595421488090596,6785950723148807051,,,11920537798145447795
508,null-calibration-20260820-001,fitted,F5,25,250,8490153469961279046,16372914642244815025,360008778616794030,,,881363315749106089
509,null-calibration-20260820-001,fitted,F5,25,500,8490153469961279046,16372914642244815025,12914538810737698080,,,9849499408862714763
510,null-calibration-20260820-001,fitted,F5,25,1000,8490153469961279046,16372914642244815025,3954406571038608232,,,14838814343447734768
511,null-calibration-20260820-001,fitted,F5,25,2000,8490153469961279046,16372914642244815025,13958017504747645066,,,14326430235025727120
512,null-calibration-20260820-001,fitted,F6,25,250,14073490306348142394,14652906557372337432,13403430210824381278,,,7527427170733495504
513,null-calibration-20260820-001,fitted,F6,25,500,14073490306348142394,14652906557372337432,16893716231896337517,,,10029602236537129458
514,null-calibration-20260820-001,fitted,F6,25,1000,14073490306348142394,14652906557372337432,10921733794990478700,,,17655604270931325690
515,null-calibration-20260820-001,fitted,F6,25,2000,14073490306348142394,14652906557372337432,10835519776494761638,,,16658539945230552434
516,null-calibration-20260820-001,reference,reference,25,250,,,,17436422186223575090,9966850396926593319,8428684361105143008
517,null-calibration-20260820-001,reference,reference,25,500,,,,12438175167871891325,13210123018899423338,6820154549720175737
518,null-calibration-20260820-001,reference,reference,25,1000,,,,3027129507893176735,5742442342273133210,7060282242021682463
519,null-calibration-20260820-001,reference,reference,25,2000,,,,8522765002449987469,12251395878249002011,14433210303207894301
520,null-calibration-20260820-001,fitted,F1,26,250,10771503000827139203,5238598455479163468,2912496358147661623,,,10701599340522398990
521,null-calibration-20260820-001,fitted,F1,26,500,10771503000827139203,5238598455479163468,8976581525906173100,,,18007919121477721936
522,null-calibration-20260820-001,fitted,F1,26,1000,10771503000827139203,5238598455479163468,9903359067957114068,,,2315782994065442227
523,null-calibration-20260820-001,fitted,F1,26,2000,10771503000827139203,5238598455479163468,1464213937884996616,,,7596948536508832348
524,null-calibration-20260820-001,fitted,F4,26,250,15191436142003651136,15321374920956997295,2563904696670198132,,,3487129349100701347
525,null-calibration-20260820-001,fitted,F4,26,500,15191436142003651136,15321374920956997295,16845128404885427957,,,16204401910628842045
526,null-calibration-20260820-001,fitted,F4,26,1000,15191436142003651136,15321374920956997295,9412959567262577709,,,9264505230458071806
527,null-calibration-20260820-001,fitted,F4,26,2000,15191436142003651136,15321374920956997295,16467591453827829841,,,2709618498988779828
528,null-calibration-20260820-001,fitted,F5,26,250,13496764761979028272,9588045494700624815,16179521076456544034,,,8992193870860336827
529,null-calibration-20260820-001,fitted,F5,26,500,13496764761979028272,9588045494700624815,6612047415071551264,,,7050985428802011767
530,null-calibration-20260820-001,fitted,F5,26,1000,13496764761979028272,9588045494700624815,8224461231555675208,,,4779419032720652613
531,null-calibration-20260820-001,fitted,F5,26,2000,13496764761979028272,9588045494700624815,15905715581950073496,,,2042132395269814807
532,null-calibration-20260820-001,fitted,F6,26,250,7154549067912940731,4679493317915962636,10818089287352029870,,,7202203563525856846
533,null-calibration-20260820-001,fitted,F6,26,500,7154549067912940731,4679493317915962636,4669861290480841637,,,7532322700904401162
534,null-calibration-20260820-001,fitted,F6,26,1000,7154549067912940731,4679493317915962636,18191934686327956878,,,3181541363189387989
535,null-calibration-20260820-001,fitted,F6,26,2000,7154549067912940731,4679493317915962636,1886319011247580176,,,4072943271459177495
536,null-calibration-20260820-001,reference,reference,26,250,,,,10244878754787575980,15674248006705789145,469621723451318484
537,null-calibration-20260820-001,reference,reference,26,500,,,,17698320369744994051,14427390977953333782,13438638275730052052
538,null-calibration-20260820-001,reference,reference,26,1000,,,,14818764409074757908,18348215194807125535,12094534543763556515
539,null-calibration-20260820-001,reference,reference,26,2000,,,,9944725929494738183,4789139747080575707,3004237368486427611
540,null-calibration-20260820-001,fitted,F1,27,250,14032748360233891511,10168568018905869765,11051698887626674212,,,5457489247583831619
541,null-calibration-20260820-001,fitted,F1,27,500,14032748360233891511,10168568018905869765,8379219991923551441,,,17871394025129243724
542,null-calibration-20260820-001,fitted,F1,27,1000,14032748360233891511,10168568018905869765,10633132792195146959,,,962289036036568091
543,null-calibration-20260820-001,fitted,F1,27,2000,14032748360233891511,10168568018905869765,371125232906020897,,,13549415097008055283
544,null-calibration-20260820-001,fitted,F4,27,250,1388180977844930168,5886018410959604446,16988929052243767617,,,2383946561162263334
545,null-calibration-20260820-001,fitted,F4,27,500,1388180977844930168,5886018410959604446,5429208351306026697,,,14917435881386139360
546,null-calibration-20260820-001,fitted,F4,27,1000,1388180977844930168,5886018410959604446,16636940943045827539,,,6231481415585346779
547,null-calibration-20260820-001,fitted,F4,27,2000,1388180977844930168,5886018410959604446,5969223921004078614,,,4573952726828348651
548,null-calibration-20260820-001,fitted,F5,27,250,4200388069616063183,13806053100308313847,7065482398657095634,,,5977677088480885555
549,null-calibration-20260820-001,fitted,F5,27,500,4200388069616063183,13806053100308313847,5925736978438844757,,,7528975462176140983
550,null-calibration-20260820-001,fitted,F5,27,1000,4200388069616063183,13806053100308313847,10815909803403662943,,,11098809706267494052
551,null-calibration-20260820-001,fitted,F5,27,2000,4200388069616063183,13806053100308313847,16036638853760406395,,,15352282326082631451
552,null-calibration-20260820-001,fitted,F6,27,250,9423758241237864651,17173953591935513866,9502040246020089795,,,10009768400950722199
553,null-calibration-20260820-001,fitted,F6,27,500,9423758241237864651,17173953591935513866,2630788419360928765,,,7244444153848099162
554,null-calibration-20260820-001,fitted,F6,27,1000,9423758241237864651,17173953591935513866,15041112430551981935,,,4817979680203513425
555,null-calibration-20260820-001,fitted,F6,27,2000,9423758241237864651,17173953591935513866,9766608485855041779,,,12093387075604361321
556,null-calibration-20260820-001,reference,reference,27,250,,,,15182836938541350434,16475954419579090918,13462161604470819713
557,null-calibration-20260820-001,reference,reference,27,500,,,,4079804464124027628,13603887349860434126,4223312213019535224
558,null-calibration-20260820-001,reference,reference,27,1000,,,,4499986767331948359,11634778599829226792,3130326568972541945
559,null-calibration-20260820-001,reference,reference,27,2000,,,,5310454670898874752,16546706700212750686,2912908625043982010
560,null-calibration-20260820-001,fitted,F1,28,250,17994952281012117865,13261220559996698315,10725378270783762879,,,8973563366874663167
561,null-calibration-20260820-001,fitted,F1,28,500,17994952281012117865,13261220559996698315,18350874823292671653,,,1653347025124815770
562,null-calibration-20260820-001,fitted,F1,28,1000,17994952281012117865,13261220559996698315,5351173335377386238,,,16424478523224806165
563,null-calibration-20260820-001,fitted,F1,28,2000,17994952281012117865,13261220559996698315,1659630442830016109,,,15778617330738412417
564,null-calibration-20260820-001,fitted,F4,28,250,3131201350810831258,5743880648295848307,14147692707391737741,,,281766215544719532
565,null-calibration-20260820-001,fitted,F4,28,500,3131201350810831258,5743880648295848307,14889342556427001316,,,5837653798039149532
566,null-calibration-20260820-001,fitted,F4,28,1000,3131201350810831258,5743880648295848307,11893655698633094302,,,5959290720510753945
567,null-calibration-20260820-001,fitted,F4,28,2000,3131201350810831258,5743880648295848307,18444715629427748744,,,1570873023373161355
568,null-calibration-20260820-001,fitted,F5,28,250,2165449166274026523,2585302441893593516,3744070211612511001,,,15148142610085397122
569,null-calibration-20260820-001,fitted,F5,28,500,2165449166274026523,2585302441893593516,5427525451680018726,,,12624663694566669569
570,null-calibration-20260820-001,fitted,F5,28,1000,2165449166274026523,2585302441893593516,4958915686288737209,,,14495685598191476556
571,null-calibration-20260820-001,fitted,F5,28,2000,2165449166274026523,2585302441893593516,12886623850340149354,,,8466239864842552188
572,null-calibration-20260820-001,fitted,F6,28,250,14007631469403743277,2614996328538278661,12928238265674189354,,,2334170328695731806
573,null-calibration-20260820-001,fitted,F6,28,500,14007631469403743277,2614996328538278661,1295652167279066781,,,5061885919376291519
574,null-calibration-20260820-001,fitted,F6,28,1000,14007631469403743277,2614996328538278661,17428776518274304701,,,18032974039465394659
575,null-calibration-20260820-001,fitted,F6,28,2000,14007631469403743277,2614996328538278661,10166373582730144699,,,7215199065729142989
576,null-calibration-20260820-001,reference,reference,28,250,,,,15305665096356745361,4071860610026382610,9569776756983080638
577,null-calibration-20260820-001,reference,reference,28,500,,,,17209377630589203755,9613706193720298664,12284769879733085633
578,null-calibration-20260820-001,reference,reference,28,1000,,,,14932175498777423361,15637834307209568148,17546831392811461207
579,null-calibration-20260820-001,reference,reference,28,2000,,,,5805421573865779041,17028176512855817482,14395104672913585147
580,null-calibration-20260820-001,fitted,F1,29,250,12908678532943495096,9610978767202736895,11657195597610310666,,,17257592260552275017
581,null-calibration-20260820-001,fitted,F1,29,500,12908678532943495096,9610978767202736895,16990652556111861171,,,6456102891815307399
582,null-calibration-20260820-001,fitted,F1,29,1000,12908678532943495096,9610978767202736895,16212491348224754677,,,18436664244522199135
583,null-calibration-20260820-001,fitted,F1,29,2000,12908678532943495096,9610978767202736895,8238902946145725589,,,9463125584330738441
584,null-calibration-20260820-001,fitted,F4,29,250,5648410453863414042,13366581643197729300,1825884036349173440,,,1675123557427371213
585,null-calibration-20260820-001,fitted,F4,29,500,5648410453863414042,13366581643197729300,2519315697673904684,,,18076984318427725131
586,null-calibration-20260820-001,fitted,F4,29,1000,5648410453863414042,13366581643197729300,9017444295944227160,,,11853288855307446440
587,null-calibration-20260820-001,fitted,F4,29,2000,5648410453863414042,13366581643197729300,3032129136196056814,,,17457199172803896478
588,null-calibration-20260820-001,fitted,F5,29,250,4063110305889935223,14842204206284115792,11633796106207277740,,,7305014363813422331
589,null-calibration-20260820-001,fitted,F5,29,500,4063110305889935223,14842204206284115792,12568360441472479507,,,9800735593736495339
590,null-calibration-20260820-001,fitted,F5,29,1000,4063110305889935223,14842204206284115792,8582747507449761555,,,6634879472978631867
591,null-calibration-20260820-001,fitted,F5,29,2000,4063110305889935223,14842204206284115792,14911378590071876598,,,3697269901022489275
592,null-calibration-20260820-001,fitted,F6,29,250,2859482229321212407,499325565679290898,59723938137710498,,,13701408224332781668
593,null-calibration-20260820-001,fitted,F6,29,500,2859482229321212407,499325565679290898,7350888850451727360,,,12533865471832501485
594,null-calibration-20260820-001,fitted,F6,29,1000,2859482229321212407,499325565679290898,18057146343989964302,,,9630610643224230447
595,null-calibration-20260820-001,fitted,F6,29,2000,2859482229321212407,499325565679290898,3778424493615731984,,,2873212211493737298
596,null-calibration-20260820-001,reference,reference,29,250,,,,2777216650573096132,16041803457940460375,17787884021555057785
597,null-calibration-20260820-001,reference,reference,29,500,,,,13690643834436752842,16430177547866095386,5126389111494864427
598,null-calibration-20260820-001,reference,reference,29,1000,,,,15903424755877575790,13743650861048171,14721036730322684823
599,null-calibration-20260820-001,reference,reference,29,2000,,,,7187908116888285109,2741632494449377161,13239648326254562577
