X1,X3
-1.3858484657468852,-0.3849076581469032
-1.1775026301968208,1.0701286749995567
-0.49007576987958734,-0.09991144431638452
-0.08907462638186392,0.4875143619691751
-1.7897754949049474,-0.7100143921262374
0.13491996668442885,-1.062214447761301
1.2718129671921914,-0.039298745430958626
-1.4054281177125707,0.7541411747201504
0.7625574726985009,0.42045103052184235
0.340770583320018,0.2303711068548777
0.4633893406276224,-0.6719082283059818
1.5789691370786176,0.11213989777606748
0.6479656534536324,0.31162729537225176
-1.0266691767229,0.2795784131021478
0.9113503227385872,0.1802215900007076
-0.05699955695091127,-0.08078371710742538
-0.7054136813418247,1.7349787559996677
0.10938892006601951,-0.6036850226685108
0.17270715605133363,1.4465579606336814
-0.7818587625959049,-0.8261321983358768
-0.07030228071416439,-0.4480320649840601
-2.1380963657780776,1.0440825442893125
-0.2919542727316753,-0.3329254189047682
1.1403562775135154,-0.5016547604578114
-0.012486791359849092,0.5257857333824578
0.9005985142901304,1.0775707278256939
-0.46252550779966395,0.3491022809018839
0.6606294269728022,-0.08181898160621659
1.3147118400257136,0.7874471740111069
1.11681242149949,0.10620077997326949
0.3078300319013359,-0.506427291695923
-0.377423911911382,0.33038513408885317
0.6316670908904574,-0.13201952430187014
-1.1760064262036856,-0.2035795015975015
-0.26820175887568065,-1.1613700764217139
0.462553006238646,-0.014318657217559691
0.9591229116073227,-1.8614535672442345
0.7595605417873923,-1.1561914680295444
-0.9015661268342834,0.04568138521389664
-1.4700922674518058,-1.6698886190183284
0.5815364935216788,-0.2074414405176973
0.329089304202979,0.09223329389962942
0.28884477148417903,-0.7118337482010559
-0.03601493950205792,0.21422025607726292
0.10863033975422397,-0.4163414613134578
0.6917753350843654,1.1736646137535958
0.14016237528820363,1.6937314452778645
-0.11910130843702416,1.4020049667322154
1.2242407954031402,1.0374273789701693
0.48392482663664355,0.63978138873392
-1.5330666901743273,-0.22546437821640675
-0.5868920002849509,-0.9196089781479737
0.20111994700992508,-0.06423406290956779
0.2859079423870264,-0.5386979292085246
0.4222871413684317,0.19976558436144493
0.24302261828373295,-0.27018151607185426
-1.42596033801181,1.4614950100659598
0.31445853139502355,1.3821598519396772
-1.0765527218630437,-0.6472573251000768
-0.7316135226924563,-0.2749397121194225
0.34846500379422457,-1.0364513987367956
0.3185915252651307,-0.6478460964317925
0.6314317622568882,-0.9172559195993449
1.5444608865223608,0.1387761891621455
0.3209279830160981,1.0918616621696915
1.305691728654287,0.19286066130164503
1.8966215894627683,-0.492365191665252
0.3729484370256618,-0.05630425356334437
0.39015128107689134,0.5055654044786271
1.2700059574640372,1.3928802597621344
-0.9264754988182786,-1.3620482898076594
-1.6354126275217724,-0.3898645282786103
-0.14635032584916097,0.06254785108094008
-0.8499864341195795,0.6338084690643386
1.2051252059871271,0.005652588016119481
-0.14027237765142186,0.6389160089227195
-0.8591363996168031,0.6196116852949508
0.9935623410138419,0.07743463721316951
0.5942057365952625,-1.0203154781663453
-0.810330214995974,1.5722403577223023
-1.7043859119074478,0.2707071985878724
-0.1264392196350575,1.2192521541844328
1.2925920667733075,-1.2960148488561662
-0.8221143161267541,0.9376759814148254
-0.08957092390831892,-0.01465028151871467
-0.0806735201700639,0.40942009527580425
-0.3930034712128118,-0.13334596484950845
0.40285208859061167,-0.3929108326673227
-0.5646553916822118,-0.4268390401516891
0.4352397960642434,0.1512521984583707
1.874691590280156,-0.02394238696338391
-1.0261483289907676,0.6798818688247794
0.5950672494137339,-0.2160553641838351
0.29700429627340563,0.3201443216351749
-1.0040958810852634,-0.10945970485655332
0.5429835977702376,-0.36584447433751677
-0.9307104509975499,-0.06840466781375021
0.7929506431080148,0.10959793802192308
0.7313575607666329,0.3880748521793312
-1.2801127777945165,0.036335154108540046
-0.1302679436463149,-1.3751637171023263
-0.5072358346751679,0.4444990567709652
-0.8497605142173517,-0.692516125582445
-0.6120934323108245,-1.139777713926134
0.07413920443589994,-0.15424564810545083
0.8626752544036418,-0.5212123587565899
-0.7336888156389768,0.8690187694874449
0.7676089066827987,-0.02028497904667015
0.7084878440272505,-0.6690695363061548
0.49153587760275597,-0.8677414624329296
-0.9824065451959556,-0.19199313519695094
0.23172700100604526,-0.7979208802320145
0.7604144319432824,0.9046199594947179
-0.24863028443641877,-0.8885130326264424
0.7327106288842806,-0.1012598892775824
0.6754678295252201,0.2530063350745834
2.0335400004004245,-0.36349451044853354
-0.3249377340001297,-0.47075882547442843
-1.303420433603887,-0.6743277806361795
0.3528380996534925,0.8079891645599916
-0.9881913447976779,0.3275847544501529
0.5595424643836444,-1.030889519981402
0.1090760880663535,-0.22220919969915254
-0.6772968019394608,-0.10048973654765292
-0.07562590118286272,0.6919502379470991
1.1320632177662717,0.08622273528269683
-0.28383580753168014,0.16865058762682456
0.8145656680933469,-0.0984746312528812
-0.9677514573263688,0.09085862721189097
1.4636031270301935,0.48819398223228194
0.9418704249528336,0.09286257670104331
0.47574679012385146,-2.5616133362486018
0.11718928450219557,1.4474542336898333
-0.8625147244442584,-0.7070048990778622
-1.2396461293584085,0.39937390019837116
-1.7615638111812133,-0.5084844091945255
-1.3105418858097977,-0.04681638514475867
-0.06639341328981704,0.7850464648577877
-0.1253911136189118,-0.031565451675502953
-0.30335797382653557,-0.2986059423466382
-0.05156726398260435,-0.2674077816447429
1.8257746075852335,0.8270255772800289
0.2613434790026169,-0.719898401139265
-0.7532929583175685,1.4007872845215865
-0.18906205605195847,0.3763829384157039
1.1464923553754076,-0.18718653827194626
0.24196950265735073,0.3846914068461902
-0.6287124207285562,0.10989584636897543
-1.2717082274501592,-1.1667463504908029
0.11321476926784979,0.1553050258528591
0.13253882233257486,-0.03105187768420553
0.19816304521370987,-0.4785361402253956
0.9781564970011255,0.5948962197317076
0.4891478332484376,0.5559471140669566
0.2769900810978035,0.4088400050152226
1.3906096664151795,-0.3851951025668841
-0.688076677881037,-0.85474763361133
2.4203787822450638,0.14065154290571702
-0.4613232988361436,-0.5023478556981444
-0.2033650497137859,0.19993203494126033
0.6888319964717731,-0.2841633239969584
-0.029052088139431442,-0.07021683569720633
-1.3238407751170405,0.824801033607302
-0.6464166526382813,0.34180088560648625
-0.7030090135551379,-1.0311904614522225
-1.65606077442852,-0.2885702538765271
1.0056659742823195,-0.7249209679065336
1.002512601919803,-0.03038432870226382
0.19776069143986863,0.7562269785422233
0.865273081080402,-0.5311831786976758
-0.18049745493322267,0.3335603501175395
-0.6964238977688963,-0.37320171102950267
-1.1739896369380607,-0.6457461079689493
-0.5658198084940302,0.6748098830922817
0.7036346418851187,-0.3368517867907532
0.566654235630436,0.9318315695199163
0.13095696800115963,-0.5855972561778048
0.7786842349899292,0.9585906155808275
1.274066478149926,-1.728058264751976
-0.038901993054237805,-0.9484233179438837
1.042390521844915,-0.4867823464200235
0.023749065558279936,0.4169918650158613
-0.2977335053591117,0.43175040118993135
0.8187352581609503,-0.22831662323130109
0.05744264571007038,0.22955045158222848
0.07022960205571853,-1.7009579688487313
0.47790952745559867,0.7236853335848072
-0.8850639508916198,0.42044993956560295
0.696146886195399,0.08592882441490812
1.267942184069506,0.5057484373266257
1.1631639698815792,0.004976323334790034
-0.8619322885458786,-0.5157092353424819
1.4991841985285632,0.034897144626648224
-0.9379796816746152,0.36487815029715953
-0.02051770057860955,-0.1683490315884655
-0.7939369825234709,-0.9076253657103738
-0.07021968536386236,-1.0354118297801924
-1.0628368050822257,0.5709407363518342
0.5420658794447448,-0.04191211988167498
1.6780135522523028,-0.070661878369141
-0.10287089405290772,-0.15845090056526612
1.413557039694722,-0.4467097479075417
1.3718266746882068,0.6181270193014342
-0.2275157363826701,0.6799869105827354
1.188074423372802,0.6623464783552442
-1.1886564306019833,-0.002013471263695679
0.43343845638236994,0.9636199319897226
0.7319409379423267,-0.5074470347490478
-0.3296826902708524,1.2630600151573212
-0.12240785377291169,-0.14304732886515376
-1.7556929062672961,0.0576370381773329
0.05827868752955134,-0.1313815692277105
0.23458618255784308,1.1786535703762766
1.3173862916810088,-0.2351740868992568
-1.8691427645615084,0.5932776113696183
0.2397138379674899,-0.20016180609419093
0.20793310498524648,0.17109276670509843
1.2397164904046087,-0.14747013118671037
0.8927625133423938,0.41893775168279357
0.32630295915643354,-0.19761191849603443
0.6806973257603376,0.46417884672574666
0.7412925027263856,0.17719299898944874
-0.4259931500049129,-0.11009990932297609
0.35315658883400225,0.20102278390695805
-0.6988869578826497,0.8514912208765132
-0.9868026951042069,0.277547993371546
1.0779784405922275,0.4275594924617193
2.095795837749695,-0.721847489789706
-0.05611140258767855,0.5434363869205228
-0.41860080113378795,2.3052853393582584
-0.5104149400577955,-0.24170684644820595
1.2661161078385215,0.6800303120242681
0.44772215472806054,0.5585750804685291
-0.07447820011655626,-1.0978878812075195
1.6863244064058154,0.33703928941863276
-0.5566401585686681,0.03708524926979859
-0.6061953395041579,-0.3847162174853857
0.5535513277884474,-0.20029035417421526
0.8355092199375351,0.9610285757354833
0.4076533332113403,-0.5920520435112337
1.0069934094962791,-0.08922791692660159
-0.2877504125308661,-0.30199480010783575
1.3275179355735207,-1.139894647718414
2.01627163812456,0.32548237242216066
0.6537959682713005,1.5068902990207078
-0.7739319475361264,0.6991262243031237
0.6967586737125279,-0.7457154504198699
-1.2899493448129111,0.15577784197531597
-0.7916431465351632,-0.14481254355216
-1.3557319993434034,-0.6055257471466501
0.16354644298888132,-1.0957342321148298
0.481667913406145,0.4667319355346894
-0.5020740673500463,-0.7308496816492032
-1.6143899304272424,-0.47277544635626656
-1.0909549693207843,-0.5092012670090974
0.5289089297536931,-0.6419332828692897
0.6036984480031671,0.009558266200070886
-0.03696141985771051,0.5797040524277902
-1.5832010838363106,0.26513179705489875
0.262933068603189,0.2158739695168661
-0.12596759021094772,-1.2290366674295532
0.22882527653893972,0.2168233248916517
0.8285201526330543,-1.2168862076488216
0.6581086313438039,-0.8573612427716206
0.1630870979584465,-0.3352842127682265
-0.55321583962416,-0.39794519252270744
-0.03423252686383477,-0.8947236542781019
-0.20894974019404886,1.222395901826282
0.9413455155935297,-0.1565962992817722
0.5522101605013792,1.017898241659846
0.6390419518250336,0.7385848430859239
0.06605482340299607,0.4834018095871958
0.1765881706305077,-0.902113109918278
-0.2776327455777153,0.9697722279275824
1.3889077670576644,-1.7449474815984605
-0.4200638786842573,0.2547726211729708
-0.019419193660431038,-0.23293508170661473
0.7569587777436241,-0.8439119793158467
0.5339672288183073,-1.3556461678967706
0.5781419661885743,0.9154619196032474
-1.0384547566013438,-0.09340829056356265
-0.18069600689824988,-0.10151273073998879
-0.5586307860746977,-1.473778747051883
-1.07306342437498,-0.8123460035891484
-1.104315037669468,0.09321244670060214
0.6460317389841436,-1.0687611341237275
-1.024246850673936,0.1364699182501803
-1.4144282676908386,-0.7828561989585264
0.5196548944127994,-0.5951995595478585
-0.7267095882976764,-0.38682388774654974
0.6619320157175972,-0.09356906373976914
-1.4107080343840634,1.755055059725489
-0.2114866432302288,0.5308790992182134
-1.2394248413604707,-0.3170608472249874
-0.39101426193326794,-0.5902126622699722
0.2703216348706925,0.9148789169368914
-0.042456033822660125,0.49088908325418934
0.16134520330139063,-0.41539797455615923
0.41513060266468904,0.1087695021783488
0.32860328592265475,0.8970171959684707
-1.768363518755967,0.2767946733156268
-0.36639844542211214,-0.2296925841816303
0.5474263960399174,1.0856949287956037
0.7751924788339091,-0.5549687695905697
-0.99340997263006,0.20109122543244434
-1.2491807591232156,-0.3293498749896604
0.2349464848346372,0.23915713376115233
0.0953396067588268,0.5322161529955065
-0.7897701879484013,-0.12972660829109833
0.7850359516176499,1.064863700248454
-0.1560360088298095,0.452871672357266
1.3309703982647383,-0.19610736771521492
0.4308995235723567,-0.02628984108096638
-1.1295245728143413,0.4074684879138973
0.2823330161133434,-0.8715642149538706
-0.06702325832779985,-0.4558442694883589
0.2939665824466438,1.7973987989576576
-0.4388911722662776,0.3567178818187484
-1.4235163818159655,-0.6819380319087502
-0.26731097781767416,0.06895936381334786
-1.0727643740582153,0.4619778202442024
-0.5169173105563979,0.32619067692485737
-0.14246786942514433,-0.4339929577128244
1.2034421177515298,0.03906863426235577
-0.13508899987141593,-0.6512502405706695
0.9846413285171978,0.057978916340667944
-0.6012566600262055,-0.4018322900744624
-1.6448036622022906,-0.2986866373848135
-0.06779005748760247,0.12606976249690272
0.6248249837968377,0.7386436209199951
-0.06981475466491824,0.1467030299100977
-0.8133671399847782,-0.01663014109931349
1.049999520186739,-0.25113762384640315
1.8348732002796473,0.3446922573792948
-0.3239785406746285,0.1625981395619075
-0.20873775569845274,-1.6450727104537513
1.3162767979056178,-0.8862770435285783
0.07447277617721254,-1.604171568700583
0.03192691648370105,0.576363968694242
-0.8544951197594722,-0.4839474575559617
-0.010792777614215238,1.143941517204391
0.11158673909347927,0.16836647004897998
1.3139151477776525,-0.6481752439505444
0.04832471795852672,0.07743343177725576
-1.4406495162649,1.127589886883114
-1.0649443995538355,0.09113949837565971
-1.199535300196748,-0.22780931290325623
0.5189976084488039,1.3208017678059818
-0.5254426080915262,-0.2973283232812209
-1.2733456121467654,0.6190800305889883
0.7117412799831315,1.0141384074199118
0.11144635734888841,1.5035665608003363
0.9914562824342795,-0.18328301285418178
-0.2060024946140514,-0.1488217701159602
0.06683780597865602,-0.0558973481511057
0.0808035884526696,-0.01520419662607786
0.20299619129821944,1.549105946798402
-0.1681390460588649,-1.4754546879797357
1.3391370282235795,0.6824872804210234
-0.3175793967593326,-0.007162627519261333
-0.24352862211541063,0.03609486561249176
1.0714262340972807,0.2697501299686229
-0.3794853070058974,1.4945434794707833
-1.0810592693418513,0.8291226776056043
-0.603026137123121,-0.19762685742686498
0.7452085947041577,0.7280371874519317
-0.2993787207625043,-0.02716169801000523
-0.19598829963491257,-0.31842653244992614
1.2719545315292888,-1.0263213719325468
0.4054949187595218,-0.15422440308242621
0.5575454056838789,-1.2975123199218788
-0.02129833150190147,0.20532980479507545
-0.35777671141839407,0.3222185873110551
-0.5854957859965896,0.12125762333800205
0.3360034486509772,0.006853433663556868
0.26120626748693015,-0.677348752898069
0.004696004273404775,-0.9380550721506448
-1.1597222980193964,0.005630458289923187
1.3550180236639395,1.487956090097882
-2.0392656162802276,-0.4005847644103921
-0.06792141150987392,0.5895540005386677
1.1586860703533777,-1.1679532314419918
0.1667411195879398,0.03657434977510721
-0.214109748802515,0.33402324972101227
-0.20199013266739307,0.31616385585100537
-1.1128514505328928,-0.33922563982368337
0.8138171940726584,-0.015466338084237752
0.2294824666192336,1.0021653229197214
0.5613570599053855,0.2717483372847447
0.523322025665645,-0.3119112949629458
0.3372983231474615,0.8267645763530287
0.6512058007111021,-0.7562689316521771
0.24235558076582936,-0.7768957929100684
0.5574919462560586,-0.8360465240940733
-1.1168710420977572,-0.8589035584705237
-0.12692122807147163,0.35779914546307234
-1.2608006599981194,0.4371621904788614
-1.2329753696622587,0.02415075244883441
0.048361660376627036,-0.8183767979269236
-0.05183834113050939,0.6691792452740645
-1.213299445297579,-0.864170129176016
-1.2668754926505346,0.305170221609339
-0.4639373085812284,-0.14658578907469422
0.1530419615443157,-0.2038966193740952
0.020027492422276878,-0.2031957505907202
-0.44603456868553615,0.6201981666336804
-0.3623955969118655,-0.29536643920717465
0.6305092094149402,0.24899212088019307
-0.36717904246110883,0.41994888853090795
0.2876990165000645,0.3352523917641368
-1.7561014216724438,-1.139398781161965
0.7778277440854869,0.0392273458618187
0.154844316085317,0.016938641613402527
-0.030858261210998397,-0.1272021914709453
-0.991116035330688,-0.11954574725336231
-0.049353947249571095,-0.07522839667420944
-0.5449067223689714,0.5624460666751874
0.8614665913457815,1.1000318866760854
-0.9861402188780521,-0.9717716098896149
-0.239657145048705,0.01817618780313983
0.7185787461595978,-0.25683520195971765
1.0703613471675062,0.2750208288481022
-0.5206970209336209,-0.2488044708695193
-0.09745074372879581,-0.03274027069079355
0.22951722803037233,-0.03917845920348395
-0.6248797343620036,0.586841734412962
-1.2360215785364566,-0.504013224925693
0.589928400468732,-0.37830709778752625
-1.5427183942218117,-0.3954025922296083
0.03737582092500891,0.7900423252135089
0.14728515673087228,-0.31996366628794715
-0.6044093744290717,0.9023595314846994
-1.7314218637793906,0.5464873385271485
1.2447500633568513,-0.22769453796175854
1.154442756531149,0.8289473745223424
-1.0568929270959484,-1.0461222995680401
0.597254690626332,0.4653772440044046
0.9464502208705903,0.6135824584357913
-0.25255796188790725,1.5656351069864156
0.6549656317152499,-0.6573959694943963
0.38629489538332173,0.07848719824960118
-0.08910251142205483,-1.1141173639140163
2.580169741354345,-1.501727694729687
-0.9724819405097705,1.0984046259518936
0.7095962224688148,-0.0234409542909898
-0.00026772863320695395,-0.30062574064729175
0.1043569875055359,-0.9713605739861613
-0.2619138090382364,0.6685041008634367
0.2852121556766537,-0.86386919232183
0.8018871099414224,0.31697342844852866
1.4976786928681798,0.32735409350750255
0.07283216211259452,0.9734832479784394
0.13643370879446803,-0.6008177325267694
-0.729045255034097,1.398058040481988
-1.0510215779218406,-0.5529115025229419
0.09574005790181073,-0.22386347988937105
-0.33865187950102366,-0.2458456259768136
0.925608874633801,-0.9688033961545623
0.04978343670097568,0.8412484649486439
0.07489328942731122,-0.15837027667089854
-1.0733567217637245,0.5106635999282124
-0.07250546126873672,-0.4954118006148869
-0.47044004229516145,0.6545588950955291
-1.2552949019869801,0.6638541773910305
-1.6762097018451154,-1.4217741346241013
0.2449727160719083,1.3341808961965553
-0.36349036820202374,-0.261597221477019
-0.16526741651975835,0.6176943359398481
-0.8684895375052135,0.06488427491457995
0.13075114331621557,0.2991977660906221
-1.4929931487806507,-0.061188174077582924
0.018818534270003018,0.9446143644943277
1.409709495162098,-1.0144013321480267
1.3625727296886048,-1.264279336127303
1.8108570538739586,-0.6144439976403365
-0.5162439215080425,0.952023179948901
0.3011200174991669,-0.8186697942458429
-0.38295089942985416,-0.46107694183824416
-0.4593337738262656,0.09021598025545906
-0.9907861205673832,-0.7630071322892364
0.059379535745994055,0.9902730824759096
1.2270487226427296,0.628840878121602
0.1528231653951007,0.8382169573799272
0.14932043875677103,-0.36485680298961487
-0.8183446567434184,-0.9947961211502389
-0.7962988180815284,0.23546365104455902
-0.21751845352818652,0.09771467386003219
-1.8638334966436982,0.43303383478949076
0.009750191539633857,-1.7079092792792494
0.24884100348953497,-1.0701148638895686
-1.7353367559367014,-0.5246130361585771
1.449025768922375,-0.3506642377434994
-0.5077532724115474,-0.07225265382368656
0.6983692373736591,1.269369251729945
-0.6973457953627513,1.053583880731152
0.013331281722350125,0.7797639439703588
-0.05335119921706183,-2.2882232946781005
1.3024396749061777,-1.5122960613724978
-0.8765039472967767,1.1215586315547306
0.42837618565822294,-0.5810561844347271
0.6878537500299312,-0.1071834255154992
0.0763424774607715,-0.5039926281471261
-1.6212488643759242,-0.7824663258963243
-0.42538354594999805,-0.6218115066783241
-0.7603401933005518,2.4324088714293035
0.4784778398457238,-0.47248498265324135
-0.7735197557124417,0.8467471312130365
0.8704213046392056,-0.19343272557335245
0.4935087817177497,-1.3796827555237647
0.9592752421781553,0.3146271971873208
0.6925225156352598,1.167463895791747
-0.32839587294497574,0.41761974878096897
-0.9169492374411575,0.762992007111724
-1.5809951929866948,-0.1475939281940813
-0.5762941646019277,0.9694560307632898
0.8176588607209916,0.924691198734862
0.585270046613792,0.7004931165454457
0.4664894226362591,1.4089072105038605
0.4713641163721638,0.9314840470791491
0.47636713373755424,-0.9410708618042858
-0.15677340659218286,-0.5244915853022933
-0.8745361500931141,0.6086999833685252
1.0063824107330972,0.8519639750486585
1.769573033121834,-0.29578448462969203
0.9229744678461861,0.1259655034551589
-2.390278498590332,-0.6593166714084254
-1.2506366188698073,-0.06154121235852528
-0.9464322988564435,-0.38565914019946945
-0.5718648863770203,0.24082592141345538
-0.34056906737283266,0.6050870855635166
0.1793758226669442,0.0712262473078644
-0.16338813748117398,-0.9277590608273083
0.4339833144033387,-0.25451612468573215
-0.5171321259497742,-0.835872089724816
-0.7094394880216238,-0.30410154393427624
0.2494231025647301,-1.152021475737424
-0.3557926276435591,-0.8900949391734991
-1.0819078246176705,0.5217213313608302
0.4840321033771665,-1.0791852549710252
-0.6490978882179556,0.5252427146144956
1.4337995847119873,-0.26955720564228236
0.6645766903017206,-0.06620488585014891
-0.2181768822562663,0.9436349069557957
-1.0228201915417399,0.8406862862593286
-0.4037404483024609,0.0311282785574587
0.1965016077193053,0.03541993545593103
-0.4637975935634163,0.1316513544235035
-1.6907433561365424,0.5357081673398715
0.003796147811369277,-0.08638424493152164
0.6984911641040115,0.2102967015365489
1.394004174391958,0.6597061264393496
0.5361775750621873,0.3774124917547994
0.5533998418439801,0.2459118657176244
-0.8177339015224772,0.49356727860151317
0.2588348612998031,0.36751306138679285
0.754288876063064,-0.04749587419306466
0.3655782477755373,-0.17779757216516545
0.8379693620227,0.9557427735228261
-0.417216908889956,-0.8544224022795335
0.7851428578087134,-1.05920522266668
-0.016135564947719117,0.45240474019501914
-1.5861714305130468,-1.10115757235728
1.375410470149559,0.5607440102138235
0.49436382434276227,0.3372791441471804
-0.6147759049768365,0.7595665328838822
-0.3447872982334933,-0.10822058090034692
0.851817381752636,-0.8731783867009084
-0.5708695991897802,0.5721119760118851
0.25122301529947866,-0.6503065372910636
-0.847606389515342,-0.740059080565714
-0.6802383660574755,-0.22753774470685972
0.6563744682639049,0.05658591915178335
-0.30187626827698166,0.025830394424040448
1.492270462456261,-0.5073963267930401
1.0783957032591511,-1.3686823854540937
-0.007616835328811064,-0.4638726987270202
-0.6823843222877598,0.9730104026961612
-0.5060458231057705,-0.4990394614963813
-1.6359016700188722,-0.5267413567806524
-0.2809341127573538,-1.0901437521343533
-0.28745303960299506,0.9182707068346925
0.9183595437974905,-0.729966071055592
0.14242185098404453,0.5259878743840322
0.5946900206307931,0.08988689083955535
-0.2776829962786147,-0.5678618104229899
-1.2223638900181084,-0.17396116057664512
-0.6424805781584831,1.4965267266150044
0.36441021574778565,0.5907930039212537
-0.09071568189409618,0.9655175879352473
-0.8930426221803219,-1.9795865540136492
1.1977464536253517,0.24408472073574294
-1.9613446712008997,0.9871889991573013
0.04700841427962121,0.8366630315765513
-0.3317287188606318,-0.27689829989679005
-1.4550199110248707,0.29886806253163534
0.3060344879648894,0.12226196003229195
0.8338784114167247,0.06421299236313727
-0.014468036148157282,0.053376113669631464
-0.1123678001032885,-0.5285643231608979
0.2124496698915972,-0.3849521328764449
0.6622320867258091,0.39283765372081025
1.9032314088396347,0.7663369761905356
0.02779931555095322,-0.8642258730842608
-1.596194286193283,1.4143317104962574
-0.655627079613846,0.7591036221941414
-0.1601667734381933,1.1797765674006346
-0.40187058924353103,1.3046022527210854
-1.087282295955609,-0.4037326111630847
0.7763765498296313,0.724467352598166
0.09807507498044687,-0.5073651771072639
0.8960643462257366,0.5599903459483953
-0.13166180817444406,-0.8597284753867571
-0.11316147505980989,0.350260917036769
0.13405729681106637,1.476224372861116
-0.9967482002962869,-0.16122834890161075
-0.3821031744694423,-0.6646168438728655
-0.5673620535206976,-0.17702519213364337
-0.7094927610481563,0.23456667311509335
2.16195781026757,0.40094843177522566
-0.24306496036000713,-1.4950713519848757
-0.6972026194814365,-0.37583555575203387
0.6929360492437092,-1.0337260146686393
0.0819304457910196,0.4183666092286201
1.4602301705963714,0.1652124048770776
0.8658201918510607,-0.9028586256467106
0.8530452548113541,0.26363901048497357
0.5378667054600008,-1.6916402579774812
-0.3886659665849019,-0.38008661380225395
-0.7099352922606481,0.4302115216323366
-2.065117090202727,0.49274709242748316
0.07738158256374368,0.21630467326210084
-0.02098218751240921,0.4677692412330967
0.32597687900422934,0.5004530933509329
0.7149103367235262,-0.4981525456685509
-0.8483761020607665,0.10290045714611962
-0.6474872484461761,0.5127007652218443
1.2614929898907459,-0.9148998658391797
0.4037240883989293,0.011814013960263714
0.359011156885882,0.14272718556057812
-1.318703843627761,1.0675754416750225
-0.4110208240256961,-0.6587455888329654
-0.5692811919309724,0.26664483792724203
0.4349223883989749,1.0154092603868021
-0.6448066800285719,0.9680319027844193
-0.1881742299315563,0.19446096284636702
0.8020215533312057,-0.49124541739645033
-0.7575341971812498,-0.1021036724401663
0.6253566548705235,0.40140047370275034
0.3176687013651767,-0.025370432799868503
0.2997779930547907,-0.25255582106466223
-1.3094591995241893,-1.1209057085558451
1.8651226796564833,0.08055050769007671
-0.6619506326839155,-0.7684148036170309
-0.11519480162817253,0.5989174907067574
0.663425344738056,-0.24739059795952345
0.43816743443885464,-0.14290600053428593
1.6088345111732911,-0.22256608988885362
-0.052005533660028094,-0.5545303466401441
0.42749690277582103,-0.2901993231550277
0.29947052322486317,-0.6564348331160463
-0.1543846021322836,0.029220572540996193
-0.4725154929466425,-0.01625090884578939
-0.07524442193648917,-0.47428201823147853
-0.5810576877918612,-0.6836908607923848
-0.214380149010107,-0.3474709210001775
1.276584031415112,-0.69622725903557
-0.8008355430424583,0.8519950296188882
-0.8659038680205621,0.14857084690560501
0.20666003841330938,0.789376001669275
0.580550810891889,0.23720730726843386
-0.6815686060407985,-0.5991871412267817
0.3394270251318878,-0.5163386274551516
-0.35811870320123673,0.6641024405588641
-0.6983465577623323,0.8543782640833204
-0.1882640845943022,-0.4769622970128944
-2.3141160811304453,0.3606304977125776
1.1940685862827565,0.09237084887110236
-0.23957102724626875,0.2849297701888443
1.3114951147937295,-0.526893517582842
0.7547420307023431,0.04022947607738614
-0.3147788263414094,0.4606401352088608
1.415523269257309,0.4895640884323593
0.010834055313167279,-0.5820201847003685
-0.5644007808172307,-0.30912810269905
0.2921872682786383,0.1372623189327533
0.4355963729198389,0.24441665631945775
1.9772592011506147,0.6787039772631536
-0.7071042273230781,0.39792136787067756
-0.6025741647350267,0.3682278456135605
-0.10280877371184166,0.5143000536702131
-0.5525211369215788,1.522250019343283
-0.17622155281443264,0.8107232787068472
0.12272403095081548,-0.35719330306730657
1.3262431896443885,1.2454023276694193
0.6493460471237934,-0.3366459355693404
0.30695976595423935,0.17199610145278732
-0.6628242071982697,0.1994619171078693
-0.9953547862832841,1.8864290529993237
-0.24414692172488806,-0.5040830504137311
-1.6914344651689999,0.1497253163301332
-0.5838890966963141,-0.6750593548965267
0.8066682420196453,-0.30853350086470777
-1.0361178457389586,-0.594070646502906
0.5991280310002965,-0.8964079930000828
-0.34409908877320916,0.3232201163465019
0.9254722853566737,-1.8418322515365497
-1.342102578974464,0.9012803917899164
0.11919974041386594,0.9038650267327022
-0.5352942330996381,-0.6983796341869701
-0.23728905072636555,0.48227371413144493
-0.4428627807006265,-0.9054970228523846
1.0121095984374613,0.43993338802068394
0.932352464499498,0.38780885459972914
-0.25068969466289615,-0.0590309495305833
-0.18847762382069505,1.29494624343472
-0.6110152795762158,0.15264152928158087
0.8141922110018863,-0.6303513670452835
0.1037361556153048,-1.6497849904133406
2.473751500733839,-1.6330771353770173
-0.018970662288461504,0.6851407457904282
0.3936523709669418,0.008722650246408004
1.4462965199831885,-0.6835649433288244
-1.0236015946770167,0.18407424522017996
0.10508373337851262,-1.2946514320570657
0.5986487640589805,-0.20990388264774856
0.2323285850262923,-0.8233647771592227
-0.4443822407922907,-0.3528082112694173
0.5056812067038672,-0.3765880351336362
0.990583309077474,0.48779173442377277
-0.24061181135427512,-0.228423937926018
0.23725249444699598,0.11642824688975287
-0.769147532143724,-0.3977319265688242
0.9696253728456815,0.15917080330164868
-0.48854499874319285,-0.6927005082238448
0.07153825213226093,0.48551068697458444
0.913654187914361,0.6478837349944715
0.4775167911886137,-0.6495008743949654
0.37204632754323275,0.1656524214565409
1.5974776434513978,-0.7121666083904047
-0.481195357504229,0.5944326021516501
-0.1276098561796506,1.46192711172176
-0.4570225209563245,-1.1227629507364654
-1.3350757346209718,-0.6168975125024686
-1.207629243780808,-1.013469431397697
0.34281533673919096,0.5147822370782842
0.08956671550128406,-0.824748187069277
1.7375664249081473,-0.8031399777655349
-1.042673739980031,0.010097760941058298
0.7529019350254957,0.4366197137000954
-0.17769544197736076,1.8629732905380645
-0.6213594334519355,0.909902363387004
0.523274392492979,-0.9459612649765146
0.6955991116658976,0.028706323228209596
-1.0890981970737366,-0.036886203641746884
-0.6235351122015003,-0.8873831919595272
-0.06317693763665111,-1.1990279802207562
-0.3449795719817241,0.43491731066539097
0.02106270348556305,1.1932471791820363
0.9845948646737512,-0.5252547379935173
-0.8355264387638703,-0.6602450805954452
0.16873634908096155,-1.4039544658105632
0.3843527877115284,-0.7677305354904942
0.9339405124707971,-0.23632030822525718
0.018832178306824154,-1.7634072552918754
0.008818882372782902,0.8318499927980352
-0.6075528042309346,0.32252250925929354
-1.1104205153949285,0.07654723663261798
0.5969668188489673,0.24120866651815356
-1.5394518152165684,0.8533139091941776
-0.2354061779956878,-0.32055579129250805
-0.7604113612211384,-0.061731333360907414
1.006598353873464,1.1560740053325071
-0.16095095775422105,0.5727360444704057
0.47969460997634783,-0.6217276824329052
-0.8407571250797191,0.33956088167167
0.34392022303911873,0.2768409639877176
-0.5481733371145762,0.5729814361462798
0.8022164212369863,0.658801127590356
-0.8404853447756402,-0.1535027881083777
0.6462962892525237,0.07511041605455926
-1.2286722579268372,-0.004027665031440142
0.037578564436482,-0.5209687192575168
-0.07358120547748298,-1.027125615474717
0.4196291039158391,-0.006551985105359703
0.506822896451195,0.9843710788750231
0.540299158000408,-0.28281686567632874
-1.42021720798502,-0.7143066304307555
-0.19796149210436678,1.0271789874514878
-0.22542612639158796,0.48572680677318025
-0.9584994309956549,0.6825623137083685
0.32467166848917983,-0.08180627624873116
0.4116998672402532,1.4197044047484906
-0.6540583929666672,-0.13434868952637669
0.0864873076461804,0.9120370467551078
-0.15076973976787922,-0.10221279140477224
1.5143067953962412,0.15087853929327177
0.5150104310626425,0.9519580912852694
1.2054775399788633,0.7851020037651268
-0.0415902326905923,0.1826115141134148
0.23305249919262633,-0.0020454130541763815
-0.4547573714784474,0.45073500958004054
1.5565938610399148,0.4405109751486524
1.4901138112362722,-0.174756648353095
-1.4150271041096094,-0.22078915602047838
-0.4008041974857403,0.17170849416071973
-1.0679043874148983,-0.4292726193699975
-1.1360787924586557,0.9551563414847934
0.8494215067781294,0.7807510625582617
0.41726370661972345,0.8829021614641457
0.656676917584229,-0.21572752803087053
-0.494626814297224,-0.45430257382800415
-0.19641513965703042,0.6198217463380249
-0.5970480395477339,-1.5985673413019754
0.16075257425372586,1.0025746770081945
0.024836051140126103,0.20798089747376647
0.6084917896668605,-0.16536102668129948
0.08115224842815749,-0.9650868413982072
-0.5205358769201178,0.04589711473787039
-1.18661842581374,-0.6995926951105074
-0.11104734233983354,0.1119022733923356
0.3116842425637182,-0.2090528276339747
0.851587542937756,-0.6697741300768154
0.5206078498538735,1.8853723827798907
-0.3893789338615281,1.0487472290759565
-0.07895883134156712,0.660640884730407
-0.5151238241590527,0.7006618781707656
-0.7680649592060349,-0.33500763393088284
1.5604503430563839,-0.7744522053616413
-0.22562151112828077,0.16649586510788195
1.4390316095732045,0.3025199797409913
0.10178700108889127,1.074007608200206
-0.6524662672252152,-0.25369541443434784
0.48570839635660656,-0.39810107623705726
1.4410047148977099,0.4269252759834073
-0.2942210762962707,0.025857812957321702
-0.9622409498258601,-0.06163094964418159
1.586014404586272,-0.1616252628143917
0.053164592095337325,-0.8961048789630526
0.6189558806744542,0.7304344449600617
-0.9662329539611936,-0.333787668899189
-1.990367895185603,0.30619594199814903
0.7106414019831084,-1.5206807585102973
0.5755000716610085,0.4144036741301727
0.2538344442485872,0.4436670008603654
-1.2021420788089299,-0.7377109413702713
-0.7213842659211771,1.6780191510814098
-0.2107523998281414,-0.2912715307824606
-0.2868907168231254,-0.05835464280090155
-1.8350762347685858,-0.390232960692919
0.020085089947755708,-1.0314833028699677
-0.03292932258300396,-1.0275338098949736
-0.41858491467293746,0.028800521628129516
-1.2063614304264796,0.24930389904780853
0.1714331269245778,-1.0122753847173287
-0.039346453077747645,0.9460329549365548
-1.5238648778529846,-0.2833396733270599
-0.8772962246878103,0.22276818680977212
0.5251269467077317,-2.3365809129046102
-0.1586737472823182,-0.1511670749753637
-0.186301251536243,-0.40268511019872344
0.6516806883356372,-0.6544486712442125
-0.03959654855312586,0.16733750956476912
-0.0992327060595527,0.32156248512369345
0.7014354189610155,0.5733971765667075
0.7033590241286072,-0.18445471515644105
1.7918354807476222,-0.5180696552476168
0.8787604346114506,0.26186550815731
0.15930323397661553,-0.010557388288331415
-0.1554322930266391,-0.20611382493247238
0.7926788975653378,0.0016171319015197416
-0.42003491505083856,-0.7230089159646271
-0.5227686199267472,0.4631413765595299
-0.38816976651235957,-0.3248267500367872
-1.471495512344772,1.3226301160658458
-0.993759857370514,-0.11567998488677522
-0.5923868898589449,1.2823345912921842
-1.3671584685566982,-0.9764018770047649
1.0587023169081822,0.8445711259965227
1.010034229519479,0.938658598606591
1.1742239590613406,0.34450656869519125
0.2764121999615615,-0.4695909896333339
1.4094639097739408,-0.1538847063491819
1.2286288576904605,0.22174287293251854
-0.9662192020136764,1.2271675713761523
-1.4208270292990106,-0.78296585794448
-1.399221557230383,-0.4220390998111681
-1.0334311825254792,-0.18872138013631704
-0.4877731309429807,0.24177300113474598
-0.29689228702999215,-0.6808845637937968
0.13920507290905576,-0.1182264745282453
-1.607231867314972,-1.4417363859553196
-1.0886484229585611,0.6466066783711538
0.0069016541423573274,-0.44369167413055066
-0.43181867742993507,-0.16760265348438474
1.1450428500703085,-1.118410940807949
-1.7422528797942949,1.1652558654791831
-1.1482203225257193,-0.3635191836444581
-1.1712696665801379,0.1844964200862304
1.1438707150995158,0.37725808076753087
-0.22085741331416342,-0.6863376252655529
-0.7778440748543087,0.27858031029527436
-0.6345593593252604,0.7362566920435623
0.6924359893656082,-0.04410471401792915
0.09745313498819427,1.4521443090496589
0.14707898930025376,0.3230423956407167
0.5654020108152922,0.6499702575784492
-1.3314488692389008,-0.6809406799749718
-0.0010495041146268425,0.5019472759928553
0.0023901165851564765,1.1304190561732448
0.8022711587817112,1.1596829094545948
-0.06955502520518514,-0.4298056301493511
-0.48440768169865495,0.3960863646267134
-0.08901739269669917,0.5104394132464974
0.1826531607252947,0.9796742452678442
-0.31599614616347615,0.7708007343315786
0.5514240286493628,-1.944954223227756
0.021546696389248998,0.7156746471777571
-1.1126683364597643,0.7426284257022833
-0.24651728922959007,0.8294735970561473
-0.2802055919281376,-0.18447372921906102
0.07596893797009385,-0.7570101092929308
0.21204861393706553,-0.14543753871075105
-0.9083335133001476,-0.04549111067640932
-0.6153252908989846,0.5719105390430103
-0.3713794391960382,0.3976364248485169
0.4544949113448357,0.3445990439265683
0.1985172069040354,2.4239635869636875
0.2951714579777303,1.1404644799293449
0.105750471051095,0.29817167884089724
0.6209997997652856,0.6423720579244508
-0.0372441532922807,0.3488141202288746
-0.38289901587366754,0.2171073743178787
-0.5410082477279307,0.4642646196605976
0.36222457150110743,-0.22189700351229913
-0.8746963123566062,0.1671702382704667
-0.4422149130434712,0.17985014131733076
0.600765444883219,0.7439506452951856
0.3663655593487525,-1.9750108297054432
-0.46520882107546996,1.129190978466764
1.0597135624679466,0.1237925878944629
-1.2758156492618917,-1.0179235635185468
-0.3789073400291061,-0.5323663323329869
-1.2625124948045556,-1.2685865253798239
-1.4284197181712752,-1.3720226318770181
0.8833286150005721,-0.25566583692242717
0.3155096742910516,-0.7753016898225571
0.6239359138557327,-0.27620163239848783
-0.9031763337328195,0.8529967670207649
1.1385860709212463,1.094617286536585
-0.13954145778589755,-1.202361877131936
-0.8762781306546725,0.5415779373609648
0.4866244420869008,-0.08009648889941845
-0.6567640456891857,0.6514645063870652
-0.0851243298339282,-1.1550051807804738
1.4515354299625145,-0.015887554753913014
0.48075674686250236,0.4421813667133019
0.46574968861055355,-0.3966300505832037
-1.1087939235051525,-0.6852860502056896
0.013446275007524544,-0.24898386148931856
0.4734303485801352,0.8632310198770716
0.8258868964214741,-1.7517689713232203
0.4156474497657163,0.6415840719432122
-0.26380565673781914,-0.25458347896616074
0.03885038597624957,-0.004957362245442076
-0.8807111279071725,-0.9970810898439701
-0.09456330156327175,-0.14930755020006026
1.6086716091458237,-0.18764111530241018
-0.05634654744861023,0.01655366913042111
-0.5096461845900662,-1.569711531108652
0.501040127495474,-0.44074282426685474
0.5389642081251704,-0.369997800542718
0.22536877163945168,-0.5394472262357347
0.9768266702749621,0.44539116146039087
-0.12049338885697192,-0.3561109334134558
0.9374784917988592,-1.2596175733606332
0.35680741419670736,-1.3119907750841202
1.1376432368412388,-1.5173659576148149
-0.2985524014349106,0.17087330538042245
0.573949587714585,-1.471856903653264
-0.2010134662574783,0.023146636856434477
-0.18654202148438287,-0.3433847983738726
0.32499635633313967,0.5838123002017152
0.12492083178892024,0.24562852584567665
-0.20784690966344244,0.5238632011138304
1.4729872574374416,-0.09698743615510041
0.21731542488278557,1.2479404264835905
-0.8042882976092669,-0.4235170762595942
-0.08053221680504163,0.8387910826210636
0.04988451307132241,0.2643435311218014
0.8159641289137739,0.313410169426366
1.9290931171402375,-0.0026120664521447345
-0.11353513972362494,1.1761744979564424
0.12325055374112193,0.2882778455141096
0.489803649959814,-0.5093715871339449
-0.21820483831834164,-1.0886466268051584
-1.4858260118005995,0.5922622832141434
0.04084413154813109,-0.3990126986654739
-0.21235611054524872,1.5291274225443552
-0.9308054896648885,-0.09573107295390748
0.11637219326475146,-1.4999115652767567
