X4,X5
1.1219337239287464,-1.8824253274283569
0.2573917344672464,0.2719999816599991
-0.9916646421699906,0.98090353187624
-0.17613621974785265,1.1469614063014513
-0.5100462577279076,0.05751594377564052
0.3926114273118436,-0.3248423430636244
-0.6905815647070899,1.4611895895029876
1.000600059487494,-0.27383839536964344
-2.4398161973200656,0.7643037218329879
1.7289953595373824,0.2097984826807732
0.650040746505996,1.0492671556803315
0.30096858614126276,0.22221081614490126
0.7428600681977306,-0.5111042847256191
-0.09981790489355526,2.1926130909493198
-0.13311866771332004,0.5928943134195974
2.5953373456042885,0.6510023613092834
-1.0358859022037294,-1.2269160650749158
-0.561705815327219,-0.31695652216825987
-0.4393519829202579,-0.8105753887277068
0.4169191482299587,0.6983237259692759
0.5048533567347245,1.3945661690058535
-0.7936324026469765,1.234128967966236
-0.8378697840034108,-1.1549427031395352
-0.9641959842377581,-0.5828457640469693
-0.01660904033810645,0.39855921259793936
0.8331434724244977,-0.11070326554319715
0.7251267049900685,0.8424494147508914
0.34374618403710827,-0.32885091876095573
-0.4464267260704646,1.4047533718062373
0.10516068235703849,-1.1586399104663838
-0.8527675486375402,0.05557782731948735
-1.5888452603020455,1.0563341388833654
0.8098862369139661,-2.8429786555901226
0.30412629887773435,-1.1992894252678807
-0.06547249650458625,0.5777474703130994
-0.1945020046160041,-1.0396505264942593
-0.7386534950321919,-1.5486547856046957
-0.6920908566954784,-0.6262174424139749
-0.6271780712969228,-1.8289942331812545
0.6906670824138887,-1.0978380887095913
-0.31504735517017957,-0.1319072742579871
0.12645081524584934,0.8761590176851949
-0.41688885918574725,-0.39000924299234874
0.1144873682195254,0.8577304613087158
-0.6724321848234098,-0.35703261154578725
1.2874846006899177,-0.810379539649789
2.0171173030017466,1.5240120691102943
-0.015976899874213298,0.5075302191226835
0.08325376911372398,-0.5987407432514631
0.8386212638683206,0.32255072712798083
-0.34128331431621567,1.6405232453712306
-0.03695131841814224,2.6083219678552783
-0.25021671681610763,1.53624463378169
-0.38559672850731563,0.8114061681964486
-0.07816485107303292,-1.2257599667375363
0.06248059616970592,0.2524969131332917
-1.298447734199414,1.8932115935268001
-0.3273314714048748,-0.7230274175484324
0.8494296736738892,-0.29913146106674493
0.6522708649417224,-0.43530165960976663
1.4025290103868369,0.9674184017544255
0.4104748378128814,0.13973417326707846
-1.1000199095840342,0.8877594226988048
-2.0015968683756804,-0.2614459388677925
1.4452160194882486,0.3830391308226168
1.1729489058954259,-1.8104576979578586
0.12995695478840857,-0.6440396888430899
0.4603943806270075,-0.5737391125609526
0.1511505220272339,1.071791543002387
-1.8360166651853334,-0.6801188204391401
1.2073273923802141,1.9510785392864292
1.8898279728581466,1.4585991117074886
1.3614327618010895,0.38894096946639894
-1.8573018581453848,-1.4355728329053994
-0.03037758682619541,-0.6617818038366533
0.42638731736811836,-0.34943602619790703
0.7911378102308649,0.33199960250648186
0.624141026870358,-0.5303768795066832
0.23617503904759904,0.5265076156222155
-1.319200350536706,0.6926401144823854
0.4537665934372278,1.2171916410973183
1.369972508720243,-0.4790743351755945
-1.0720352078632782,-0.5169582223661745
1.6266059487563023,-0.31156369032702824
0.9730433208046503,-0.6641019153093182
1.013461877691806,-1.427891096437323
0.8783704073639034,-0.2754440668742633
-0.17050305007006755,-0.021416871851423134
1.1571303405305011,0.35023189753230144
-0.8783996057643858,-0.9273853721992046
-2.295446869631109,-0.14949715579491607
-1.440699318800519,-0.3875728661125154
0.6484736691645187,-0.8660777651256224
-1.167801078839551,0.24972024032138473
0.49069057602902355,-1.6149165668727137
0.23288766013826454,-0.11963852326670643
-0.9949788450175046,-1.5596213305915687
1.9261169412297012,-1.919602548958194
-0.4167414749161075,-1.5869498627918635
-1.0297852906365852,1.1520985786807045
-0.27381258031931605,-1.509352514280515
0.17983660790243053,-0.7830304930889982
0.9380146724744484,-1.7327416164735618
0.5244134250159654,-1.3149555797979477
-0.9645029424538506,1.2083524179228524
0.9324642246557469,1.0107265793507376
-1.7883877459784674,-0.3034097802988197
1.2052629250786613,0.8465423565950844
-0.14118607668113628,-0.7327045536567218
1.1465317047094103,1.0154366600346167
1.2273148659620419,-1.6267510955504425
0.22809064836233883,-1.2326930456763479
-1.2814567994893582,1.050334377734393
1.0149531300335588,-0.04964931892586951
-0.22459423643728202,1.1770874314758588
1.1462103150354974,2.6039768011915845
1.4846891487595633,0.29131098015574297
1.1450296543384448,0.17414581167487175
-0.2894668516449506,1.5899802207714424
-0.4426358178796961,-1.0889384611938042
1.3127193582845165,1.2849891723415197
-0.27551775221234603,-0.5389799181294292
0.033214878990243175,0.9074155016943588
0.012759693046078767,0.35504032242749933
0.20264927652823522,1.5730682836743846
0.14549824193020258,1.5391704093016698
-1.5075283808970508,-0.7321085821503682
0.3817342831517423,0.9919233125207505
0.08915264527574981,-0.198234030029466
-0.08160462238001903,0.6595669141421271
0.5934027205720402,-0.372895521660358
-0.7740481590076451,2.2786247535614956
0.27609861315862627,-0.8351344939215241
0.851581467775383,0.761642768736486
-0.6897271118465471,0.3206423893581539
-1.9470799408901558,-2.0677991575606987
-0.9517799014024648,-1.8148730055815248
0.9605068770099406,-1.1836330644078854
0.2525574274969574,1.5391941997592917
1.743061197282033,-0.2789923477671996
-0.2205151466888906,-0.455592072116611
1.932997242743247,1.5257213960461422
-0.30154437019046315,-1.0203366867925865
-0.27433604772329306,0.10252990379095965
-0.7659160767717054,-0.2858352541857735
1.266608107224477,0.9761500191377063
1.0709237317033489,-0.21590465162112682
0.3558683807540439,0.012691184117083096
-1.5394952772157626,1.29069854702655
-0.4445246942070036,-0.10196429675007598
0.16741439315396894,-1.4436624758161392
0.2586067738585678,1.3322583963411003
-1.1651621554864902,1.2070667104792998
1.9923178184581753,-1.6920487900158876
0.7020283200251978,-0.7306606056137931
-1.3596290644837246,0.02852866678158743
0.8776389888385753,-1.9823900383430104
-0.6965003242622132,0.4726596755131022
0.7064609991590919,-1.1262119432247841
-0.20172073085044193,-0.7008737087621139
0.2915862259674628,1.2732216137662145
-0.9954415176204924,0.32813309699430326
-1.2073124838269622,-0.8333797092240759
-0.3466712736617634,1.3232406301204904
-0.5130500351523658,0.39326778487504455
1.813450688340275,0.3915859907226933
0.46698007184872004,1.343340525506301
-0.5508453877924573,0.4308818949017482
-0.3392078955164313,0.43790695338258634
0.243112015533424,-0.11895968112981113
1.2843262620371656,-0.23313900860876646
1.7238038856220124,0.7807599726044416
-0.9563190861497547,0.4441326958417873
-0.04123206930519094,0.3950557409064908
0.9117520801080471,-1.5460730716122102
0.682143255547084,-0.5173688285179746
1.0262300446951889,-0.2873389151006501
-0.6991239996822681,2.212128233444585
-0.2607906792885423,-0.5510137127680947
-1.4304828083436116,-0.3715523979453852
0.2854997151605882,1.5303783039698462
-1.8838603149068225,0.0532994055391561
-1.094551391790678,0.7294133224401643
-0.5606072426363481,1.3374657827233303
1.0103946429473307,-0.4839051273251401
0.15520790437790452,-0.4929435047010827
-1.2195109814778677,0.7611799312103976
0.19765539440074908,-0.23078323993706099
-0.3874160372718137,0.2686208307980404
0.3292140540612006,0.14555523934653664
0.1611041002487796,1.3421533061686026
0.9694138695627903,0.1578445658031989
-0.022922296011418614,0.8031312944966846
1.6722161259925747,0.6089576008123807
-1.2440759895375613,0.05606216051000258
0.031254098809800485,-0.07333903935547159
0.47997079472033566,-1.742930774714749
1.0496723325188622,0.48089996483837094
1.6038666017811376,0.6502779572722752
0.2480325500774282,0.720492890805919
0.8678522332000355,-0.6873744769633047
0.36656635972951995,-0.26436006517358673
0.07856040498509427,0.6094227325310014
0.20383507433687403,-2.031377565125605
0.5447870935385288,-0.6910307339348725
-0.2679296845053675,1.168177980938872
0.11836323012453376,-0.25973770598556895
-0.5392961438402806,0.7767810981449117
-0.8857725089283321,0.08645588980359199
0.7298727209049214,0.09807997052255038
0.994387350925815,1.1528581197291476
0.17127270660532426,-0.7519442005217013
0.09276438967535387,-0.5856367042565674
0.44930827462043116,1.4193381535219014
0.21016931249405824,1.0392081470529637
-0.3873006958154445,1.8385944409465371
-0.12471558230034586,0.5492594421404282
-0.645176963192065,0.38271588952362195
1.4279005007359409,-0.44475707769091677
0.23553974929930702,-1.4794383693892181
-0.48808032055913053,0.5800591847970148
1.461637011289232,-1.1964721532504297
-0.24226557635390294,0.35808658895002876
0.8898226789058971,-2.205214620094354
0.29871080201525696,-0.7437747411046935
1.2636196362109038,1.0919409109476876
0.48392446861466365,0.046403067541020825
-1.0812746573044671,-1.7657430073353577
1.0423194902868123,0.14882426912560673
-1.4462198336318535,-1.2370968455905038
1.4866860005308813,-1.4443701232692114
2.4794264632958605,-1.553064953334034
0.39442115454417864,-0.7792207461011068
-0.5312951866667976,-0.8796374673864666
-0.2640436944926005,-0.32901995909587106
0.7260505008082111,-0.7613353739978845
-1.981828873074578,0.9016771690099283
-2.284478773395922,-1.3259176241499855
-0.12615624492593264,2.3906832561144253
1.450706256761629,-0.47468999090069236
-0.9249237198069216,0.0670174755590955
-0.6634518106743693,-0.5149285175638361
-1.4766933764453065,-0.40170160519226644
-0.6787519236795272,1.3437944133960953
-0.8256952960494048,-0.03336787813350964
0.4757008776349352,-0.6947115382911384
0.2603119173983371,-1.1246818305315691
-0.35182732520733256,1.1435926664787717
0.07223033875452939,1.0302003419340278
0.049065799535715666,-0.37253560477147957
1.1214584239278578,-2.1964758882720803
-1.2515262527732296,-0.060587561143115885
-3.687329336240198,-1.2695556934910617
-0.07796679288466762,-0.10048361112759634
-0.9025010589418826,-0.24314883952026906
-0.40591568073767226,0.886615724393417
-1.2960045323759963,0.3219041343599815
0.07254471807713078,1.3705191545381472
0.19950372504913558,0.011322929688450487
-0.8436946454061929,1.5006427171342407
0.3223048907970766,1.2070639389118032
1.4841106945970077,1.1134011337723322
0.4314644070718355,0.5936790184248111
0.9712479217267961,0.7522732866388385
-0.012027396531855,0.0517029764940089
-1.8179622315064168,-1.1155011919151336
0.08684386467493777,-1.3112765460807456
0.4792688957145153,1.0660770645433946
0.2371752785078405,0.3390299871246724
-1.2166251412064444,-1.1143719492420197
-0.2575829268121426,-0.2646222600857026
0.05300213263150568,1.913296868938865
-1.1260290111021642,-0.2995642453068442
-0.43214764770310965,0.1297327478715379
1.487945412067484,-0.747535299311474
0.32712914583135605,-0.44966109222464756
0.09848090097447969,0.5107211302874112
-0.12561345459857792,1.7572404084795448
-1.5068340717947506,0.6868521718679286
-1.029852382169878,-0.9943998132482182
0.18346809568630484,-1.8017854501795916
1.1875293556466617,1.5363462631696216
-0.9523550216003597,-0.5572592876954378
0.6794573992020418,0.8352936225491966
-0.8846763375074144,-0.3725245014157446
0.012200595946469134,-0.31260265789798947
1.5004641429580496,0.1838544559235282
-0.52009588607119,0.21250808741441593
1.6724017969360627,1.2912019775907406
0.6564992973508608,0.03387124829426853
-1.503245843505144,0.41471990395524244
2.066498395354833,-0.35130105843819437
-0.6666535984527018,-1.693682577973658
-0.5007250500393391,0.0874467701811211
-0.024779186463304362,-0.747190517543936
0.773643332960565,-0.7109330142717638
-0.7687159821077199,-0.6036441151620298
0.4315632698547912,-0.1479236933454096
-0.8876207722613734,0.2683060491474707
-0.6655101796750623,-0.6738314719925654
-0.3066271700461862,-0.9607381079388857
1.3548304272723946,0.15736833340430811
-0.08727184238589566,-0.656387090274941
-0.05365312833161705,0.5064537742073981
1.4439206471427155,0.20944290099806354
-1.0612330604655944,-0.9293830692812659
-0.9788905728840852,0.5819166958922237
-0.8480496167115044,1.0857300731060362
0.008939815726825263,-0.8187128039288382
1.4680389474974167,0.5484280279386496
-0.3571146710986756,1.24817442618221
-0.27061195455018905,0.9879744607302511
-1.8629103889402892,-0.6424525281105693
0.3131409672291805,1.1125168825509721
-0.6031772562524854,0.5509568279467457
0.4430181717964808,0.8524212370186008
-0.7018446944674509,-0.985200037204591
-0.1887453210925516,0.6141220124924641
1.774788298945625,-0.12865929692019543
0.4426048224688961,-0.02030854828634359
0.23598308931165732,1.3428718348918376
-0.9344700379836162,-0.441329754482856
0.6594006469046334,-0.4009038460715548
-0.9835288475152769,0.603067483118057
-0.8422204568988075,-1.1140053242248427
-1.4404326340772595,-1.1771841904650893
-0.010495100194638639,-1.4735248374828722
-0.9298762368035925,-0.9300956728723047
-0.31243557886767437,-0.8139793963234268
0.9675974232908201,-0.1355419482448439
1.4592230960688506,0.11965561752805419
-1.0780537354011583,-0.633534349787989
-1.105937178438393,-0.9100206715401081
-0.8108724238724437,0.6645252765399574
-0.2548881049800105,0.21771859566730475
-0.054748584134212526,0.973232449641341
-0.5628067089683358,2.7592448986843876
0.1635822524513147,-0.3108358511632267
0.000593184163763423,-0.06264992950062538
-1.312207402505392,0.26408475273052945
-0.8722491644532515,1.3928644023603518
0.2800120270249773,0.25199983938879816
-0.41383818578269,0.1675654210439265
1.8755119339851054,1.6057271148070276
-0.5726035016197949,0.7860893047631057
1.5734320554305286,-0.843698921536389
1.578643685862972,-0.061621826014066405
-0.20869064694156686,0.34652363940036457
-0.26591428730355177,0.05332113906548581
0.8051115637279623,-1.677857431318294
2.6272804895561475,-0.6767005896345527
1.7207601682887153,-0.3604767170011137
-0.698212052832312,-0.34257419057892097
0.2706482051593453,0.8867259544575685
1.0186456794518581,0.11299708554605863
-1.425367491961969,-1.8844517592656493
0.9277634765110604,-0.6392890724190619
-1.4274037173221035,-0.8055433257826747
0.6902970371411636,-0.8147922609079861
1.9699960668041343,0.48015704433253387
-0.5784653924285322,1.0598005884154609
-0.28103865854385984,2.08143012482839
1.6704179750014834,1.066829862387198
1.7925444360933516,0.1969755860277987
-1.0184159199806908,0.49635594024994767
1.2590178216031138,-0.26719505876883304
0.290581031724964,0.5970354549712573
-1.542633073179287,-0.31463875745880665
1.0126577139113175,0.0975738232069867
-1.7379257316873264,-0.6824523467371129
0.1757483180615359,0.8333237191277175
-0.6967362862588841,1.0257338735948474
0.32960197811033487,-1.182231917706414
-0.5417124505481469,-0.08319564588976439
-0.026903482065532877,-0.9520025622997462
0.0209525938815396,1.0913513248766005
-0.18850435369846855,-1.2417435506423142
-0.6244023346412343,0.7591411100963577
0.5058887589153787,-1.0281265073932435
1.562382950396083,1.6373992472646393
1.057015604768361,-0.08929243606931522
-0.6172830754589274,-1.5401059072042196
2.120254135687088,-1.7765079004950508
-0.13119848973331563,1.2516607340862977
-0.27082391242895754,0.8132654659932922
-0.3768614404288859,1.3953595117413786
2.0912955263238304,1.7374916420591007
0.2669793102993617,-0.7527788350873217
-1.265655109984759,1.7957793753989668
0.11248622982948134,0.46892479540483234
0.04380077534828873,0.08047407049041531
0.3029036088564425,-1.200372593589212
-0.3604354408277946,0.35930263140357693
-0.2394044047140531,-1.3240442915352995
1.0630540650451303,0.15033406512713943
0.47495898313542945,0.33239783148669
-0.22101397674749257,1.1045413581184524
-0.08160853914878372,0.40416294078345083
0.6800279997395962,-0.7531228938880464
-1.629764513841853,0.5653708390321143
-0.09472307078487184,0.5547061177546492
1.1541931057384425,1.2185479157776307
0.9992323565162755,0.8891480666521943
-0.05712466808159195,0.9740961403450936
0.657660863116379,0.884905298858022
-0.045858992099170465,1.0424852911952005
-0.38847817200322055,-0.6235770424958801
1.0811956667546399,0.649043896957804
-0.44179930589737,-1.4955112884742932
0.8336077420157918,-1.2040095519573804
0.9095598819048782,-0.5110034939111598
1.2940045517147707,1.1323188631961758
-0.8542358755251789,-0.9923120422268057
-1.459808884938751,0.12288383372511016
-0.5566048758013185,-0.01954174644277303
1.6484912172036066,1.6016203450185496
-0.3734971732720077,1.7995881266805185
-0.5850800914284789,0.9291780696242626
0.4630502786572433,-1.1504364322939824
-0.10900774752205666,-0.08182689558569659
-1.066734313676552,0.23982544287689345
-1.4110394919834575,0.6755206271823293
0.2911245203802256,0.1250993860216851
0.04436665615714575,1.0892247198277185
-0.31209719889912835,0.976574779679814
1.0235299068079398,-0.10406832319930387
0.07830125726649412,-0.9391054035889828
-1.1920293645647926,0.9478091821854533
-0.8810378057907308,0.49747849008838724
-0.4530424473532195,1.0233159316525937
0.7684013966024216,0.8026772636646821
0.20704340111705002,-0.2601944496620184
-0.513298888312169,0.7030662785304145
-0.1358574119175493,-0.7611170134904488
-0.49365667568701976,-0.4997961025310568
-1.6197880000417537,0.34788708042547645
-1.0891664374022132,-0.26240889083046115
-0.83399298059305,-0.12500417767743424
-1.406881148903142,-0.5492126285832581
-1.2061703698204773,-0.1002797460285416
-0.9208540643409365,0.2252582351241186
2.95121585672403,-0.20684549459043838
-1.08852849537086,-0.9161042324549908
-0.5288660323358826,0.049860718481847234
0.1978699565252042,0.9269436591052292
1.3882217086108284,-1.7022149594497917
-0.7241316973062296,-0.18199699720737952
0.15647650322274362,1.0228067460886967
-0.245633998235594,-0.9372675853397793
0.0589364348842444,-0.9931264351839564
-0.3909077615852265,-0.3017441555504924
-0.022969959983639217,-0.5981856836239925
-1.012547569076909,-1.0554112176042363
0.04731278168111573,-0.4541523080872522
0.18445361141775335,-0.3092517750413709
1.302871488484636,1.58463136387797
-0.5038069997717805,-1.0261099820690753
1.386723567633242,-0.33625647925669283
0.4176539626754656,-1.4849833307959115
0.17002015778564405,-2.352077165747707
0.3868938398729073,0.43420597922120263
-1.0958618356806187,-0.003224349993105804
2.5954302825590405,-0.8444581657659187
0.20658104256815196,-0.30066518095311096
0.4581803122241975,-0.33349143627450817
-0.7691633864949866,0.6996307796522924
0.038728256049490276,0.42283400069799054
1.7388876136030011,1.6559748820270257
-1.1903594828148163,0.0491325488512893
-0.5627032746077104,-0.8797306651643038
-0.35747442054321377,-0.03252811561038998
-0.8960473975850163,-0.014588368791211639
-1.1374421523172356,-1.6762741493991908
-0.19293782374687965,-2.2993649399380267
0.3784550915333146,-0.433749189932024
0.2313230637778358,-1.3988988386091679
0.6997528026711684,0.34524794651810164
-0.4242966354035002,2.10512574111586
0.06580077199845856,3.181489931297519
0.41421741013264857,-0.5795821494065277
0.506258095119584,0.21238090412806107
-1.019912203858486,-0.7994200493520083
-1.2258792314342313,0.06676993716037126
-0.04834398602226143,0.07467751876326062
-0.1089495022304007,0.5427426429744745
0.07509701776648092,-0.211283255295874
-0.35357581805432164,-0.03136660144912251
-1.5302933315057254,-0.04313800706714109
0.8532969959772094,0.6413952465065913
-1.3916397036647215,-0.7319350981304872
1.66886975694034,0.812178232611537
0.26401145918712304,-0.350435264302742
-0.48228320116687945,1.2222987512512817
-0.2807110385508014,1.7795692479556957
1.8234848302855695,0.6362833590078478
-0.01794642177869646,-1.3367376305711798
0.6102028161262323,0.7787767817702577
0.7365983048788763,-0.7016248877678801
0.22535276034822982,1.0222763162557502
-0.39155015824223893,0.21765881329691525
-0.2789181062207064,-1.299334318472251
1.1941836100103431,0.36088662766419954
-1.0972889653115336,1.2518407074359035
-0.9297940995528162,-0.6755950317292831
1.2591953937895017,0.19611809718297632
0.3306877940349845,1.2687001689478812
0.16681228307627188,2.13822455610088
-1.336264959064958,-0.015780132268757494
1.3108718194798874,-0.5370113106824369
-0.5061057722212312,0.7917265447503339
1.0870837070454387,-1.3131258004743795
-0.12497482662602305,-0.3093938161701489
0.542534575216682,0.8132854074248228
1.4429529796605547,1.207605355949698
-1.0555795894483397,-0.012885034801068198
1.5285355037453119,0.914255398915598
1.3055506276711966,-0.36804063347939897
1.3816510505785198,1.4321794037977316
0.16771655410118272,0.27643448214373517
-0.5140548449265371,0.5922377194308447
-0.6993061932369405,-0.6569213972911294
0.22899547214874336,0.7476036086550747
-1.1954676298593645,0.41032882651531205
-1.1514662087528524,-1.1409730044242266
-0.7477756320262582,0.2138662458522428
-1.3510466861925805,-0.6035846518714034
-1.0295453630889273,-1.946632498224578
-0.4632627388519864,-0.10844800574841328
-1.073019407733884,-0.008954031028199708
0.11887610319175884,0.8767051019303316
0.015399450952459287,-0.222512626435965
-0.14426625761116854,1.9508304351016716
0.578241658982091,0.5471664183163197
1.8092445148765692,0.7320950979255644
1.0276861703116211,1.4729444060790855
1.2576933084921844,-0.253532647710283
0.03631300021613627,0.6917449120352034
-1.7106532553152074,0.0165869562658459
-0.18526265024836813,-1.05930473265525
-0.6727729857582299,1.2201244816342547
-0.5982967255376991,0.08387424224360379
-1.1315212254127895,0.26171069285166054
0.04966152954411768,1.1274988634075882
-0.7930282084589759,0.49524886594993445
0.7898128047311854,-0.445244987598611
-1.6426861200192595,-1.2795829605016549
-1.6938571622951644,-2.192687494709267
0.6559524822906484,-0.227735136238701
0.06445765014120113,-0.9568353300063364
1.5464953699910893,0.0886025891619868
0.8478168069277497,2.015455498626324
0.35685635334881527,0.07761245217910283
0.34861909294429877,0.4614488352427509
-0.9870889149773608,0.20576535806477123
-2.38499409366877,-0.18662418593005792
0.05849538588966063,-0.7130370750099082
-0.15207617126366926,1.0212655172330958
-3.089851819412549,0.5963195584517047
-0.5919141625887042,0.16597266165401675
1.152433838849579,0.9424069142551845
0.391497752206182,-0.6294783772981464
0.23446120674680032,-0.21834786859441518
-0.02462285485470641,1.669742133056456
-0.032325454225370885,-1.1658729311506322
0.6756911535741792,-0.9972098080901544
-0.6556140481479854,-0.3349655307841003
-2.1887322164840803,0.240635789816367
0.18541448941788544,-0.5284115649364262
-1.0219089502567875,-1.1333684371891977
0.33106464662665325,0.5254290109394048
-0.6784549139110252,-0.6103055310084821
-0.3225811247682652,-1.0435946389330768
2.0045566670405632,0.5838875843333753
1.7587035937675863,0.7206507138900713
-1.4442945714693065,1.5916322361427386
0.8549107158954607,-0.4275771632454945
1.5833847237137266,-0.5095297994495116
0.9745556065372424,1.810605417999791
0.0850004114685213,-1.2468035791027912
-1.080582472310318,-2.5733239952417803
-0.7792585015534067,0.029617101248394728
0.08408467739294609,-2.095069869104489
-0.5831885292982697,-0.4834821145673893
-0.4674074486531728,-0.3683986189054516
-0.09914856742428228,-2.0095893951360577
1.0863165162513917,0.9253035073663738
-2.6664934068701633,-0.16813439134615538
1.201152309713842,0.28437168982629574
0.7622371003089607,0.27680793167792295
0.8020405439450937,0.6665275930381103
0.9594779689070706,-0.08681864616614289
0.10271890081680339,-1.7433388443983466
0.15589764211039064,-0.8628132391324215
-0.35482771127916785,-0.2882509743536914
-0.45706471829873346,-1.5779021026120212
-1.0217893141750254,-1.5880478146013495
0.4103648519645412,1.571443570066252
-0.6754691178146801,0.30510256408560915
0.24737877798595534,-1.212803850001876
-0.5482243687679762,-0.1054678357814628
1.059056861147556,0.45588887408015455
0.4199872079369308,-0.3075055401666438
-0.11346777343214631,-0.9776323535890625
-0.23517074401959406,1.0024317418514526
-1.0809995072014091,-1.4208979343391213
0.5082974557700014,1.5791188948015138
0.07437786628112464,-0.2559906361825239
-0.43896088827359564,1.0834059598331123
1.9684088689417891,-0.5177711324938542
2.369066799425206,0.24855908449386468
-1.5393027898936804,0.8264964555163394
2.3400474899263775,0.7789354733537649
0.5834584412469349,1.7760851204435488
0.07612380482063527,-0.33513695922733583
-1.0169119567127338,-0.32473380840597355
-0.6747369150744112,-0.07165976508040382
-1.6561547377689718,-0.23191232258195546
-1.82527799781579,0.5379596952351311
-0.3170850871253179,1.6034897986241794
0.8349437556563775,0.6069063296164894
0.5958892598515059,0.1293097349547681
-0.864320157258989,-0.39265244651124775
0.5013984784718131,0.7923007573119321
0.5884812570938022,-0.22340531509477168
-0.6397640609879658,-1.373710990416361
0.4927789516700107,1.956804584877156
1.1647481118460397,-2.8065141116324925
-1.034896100260718,0.4637941629288205
-1.0805702739326513,0.20094642391306655
1.519995825402356,1.20019341541371
0.561026553826298,1.7774293818262161
-0.10421540492335815,-0.30765869472388957
-0.3873452101942,-0.2632232862636213
-0.13723817317254441,-0.9842466935799825
1.3793240639732434,-0.2965643631552112
-0.5283730406013855,1.0763274623571537
-0.27319777019605357,-1.137120952281264
1.4290392678128012,0.2138938350925893
-0.8086738999320537,-0.8353388491374601
-1.0750995237744843,0.30231655469181457
1.1647180636385257,0.4435859174748022
-0.7033938601101515,0.28102437413424697
0.4945360048327055,-0.41343054351563174
-0.34418655132943754,-0.1884928380548649
0.051755182354079124,0.6942909778030794
2.4764755227735353,-2.196335382484352
-0.6253106846589299,-0.25189090076692067
0.7461617245921988,0.6938329511921486
-0.03624010758180427,1.115478386523449
0.29700593992443364,-2.24408852335715
1.148728857735638,-1.681114826101945
0.4732258913721674,1.3140850801939619
-0.04116730664882292,-0.577921433670302
1.9376115084033274,-0.47642296045855914
-0.4899523233267138,-0.22635557420593627
-1.3581088187465167,0.7421399383838093
-0.46623977244335996,-0.8759932419893507
-0.6693537553482226,0.5938078905666008
0.2718007594251734,-0.23083727301242749
0.24290881596460784,-0.6802491480917227
-1.4389392677866895,0.2488189416577401
-1.8519981901252798,1.1130071768749774
-1.4248796662711833,1.5579566471585886
1.5466871708381917,0.6716912981384577
0.29013543931623015,-1.3667715768231978
-1.7271697222330418,-0.06260577546388964
1.8462558788077768,-0.9557136158151746
-1.6358100243888645,1.2850889864620494
0.2807563105227095,-0.22439519595263568
-0.9132278351179045,0.17507027353753624
0.02258077519036866,-1.1781998195665402
0.2526791884457853,-0.3846014202229866
-0.814746171014526,0.6849581984700944
0.09132341294724436,-0.8742054369558346
0.4807707898895375,1.7962785261382788
-0.3428034630684751,-0.11838299492365571
-0.27328432489599136,-1.121959565638677
-1.5999491886159876,1.3080629199788794
1.4033019062605956,0.8925488212886545
-0.12299763833126041,0.9230465615677671
0.5621858510885324,-0.9991340258971771
-1.6803059210030424,-0.8990608087247266
0.6682822602438474,-0.6241118453378676
1.2365972430506504,-1.44616249925961
1.0149076015669976,-1.500144503602644
-0.07867459586295059,0.6345474284488518
-0.26062589351017257,1.1477243380711006
0.32732039399529744,-0.5531012981813954
0.22493114804468137,0.05479347692293486
0.2740796750071627,-1.3821321731552139
0.34181816056636166,-0.819807340189054
-0.277037295568034,1.661203285424667
-1.0319324306941824,1.7143703363990734
-1.4011371174175242,0.08658691438370339
-0.01098383111771627,-0.03107236443874621
0.21705735549745347,0.35420744059108517
0.8596989395398317,0.20412388782468405
-1.067147337675684,0.03554359872455624
1.0266594477974815,0.4947083034535025
-0.21881917942397383,-0.49368472485515574
-0.007080430571215971,0.9143367165917258
-0.3730121129279876,0.5905542241095991
-0.3362867920187924,0.48803541640388653
0.9538914188878889,2.2321360686916005
-1.3374395282219795,-1.1598582204872425
-1.0269557697854343,1.6704782603010755
0.8872221982477994,2.447249980103551
-0.3687848019841519,0.14492359674119154
0.9913521032509535,0.4713956823294276
-1.0359451423263137,0.8338295575090061
1.3468289575290664,0.5008039741164594
-0.9111042654940449,0.19364267184862177
-2.0462084333579136,-0.42585579174828325
-1.2567543796569047,0.07926100414011858
2.3621331807690344,0.23150099805164245
0.49627935962327113,1.4179224587852037
-0.40487882418250837,-0.17702800211210892
0.19578402996602942,-0.6387132428364877
1.1901655208063247,1.1587514339186908
-0.21645295426037742,1.3444673889108643
-2.152456532579071,0.6918725529375911
-0.134528656081837,-2.7974879667619708
0.4000610075063671,-0.34034020172430973
-1.2133476872027502,1.7507035803867048
1.1545731914466948,0.83157813978564
-0.5102425980235921,0.27941351429422345
-3.0834840731342132,-0.1526098277643182
-1.6155192796867295,-1.735758465855945
-1.3215130690295978,-1.4291712932028906
0.10296417423186613,-0.23218385754967402
-1.345280815890529,1.9880156532406834
1.6111480618511689,-1.4475854332654217
-0.9109704812107676,0.378136359403332
1.5831344707536688,1.5674996854605956
-1.8768433128062596,0.7206639714697188
1.1825366983263794,0.4957352421905791
1.2190227681857566,-0.09817298090576998
-1.1925467354496375,-0.27881920972236784
-0.711894109617059,0.4436604787054145
0.34748159966029624,-1.2667617393570398
1.7040245582491966,0.5907337188640226
0.12603800724811692,0.8816954938172886
-0.39436890133964053,-0.6188829444068689
1.2009497032083916,-0.2035476891373517
-1.7488226218228606,-0.3447931550320484
0.4701034474485541,-0.2673592261037661
0.5132053790703817,1.0162149702458638
-0.30627052797118376,0.7763074403324309
-1.1941646248526163,-1.019270670442219
1.5617641795492603,-0.7126980722402614
2.63907176475565,-1.1686590709583182
1.4172396087604087,0.17158856946787157
1.2548374848838177,1.2120519082086076
-1.0258962460333207,-2.3558639048896044
-1.1408715709761277,0.676807651100493
-0.8445571782666014,0.31365278186574935
0.2912234979430955,0.6812195508032215
-0.5097402294150923,0.44909212378497915
-0.5905342785790206,0.5667532559148006
-0.2022091612341816,-0.3291042318159821
0.6628088140517955,0.35413745881470743
-0.09378317704412051,0.8724750880215245
2.486837994180385,-0.783425916099978
0.7307642393956436,-0.5642197413767936
-1.177986550747815,1.253108688701233
0.09763229422669131,-1.6972896100801391
0.1751281439315415,-1.0925096365972264
-1.2237188721855365,0.36185847686300454
1.040152156068901,0.9412982987290578
-0.1342748490074499,-0.9855435622684697
0.05989448772332495,-0.36131437212865297
0.057097326130491094,-0.31420453040875135
1.2005763180756153,1.1425895587565855
-0.27310793017053686,0.7017628429580962
0.740766398619663,-0.3746751574929012
0.5034484587684761,0.29283495145513816
-0.6334835342289931,0.261202568123008
0.7012325031961564,-0.30595072144716684
-0.7947170757070497,0.33990841737044597
1.2205429859643957,0.28166365650126873
0.08603370296910037,-0.5961512384486319
1.9440097860988483,-1.1739825578628995
0.0010280036175104278,0.8426854984051975
0.5165737344903609,0.6128101937148739
0.7143083070293598,-2.2251156514479384
-0.07998326235981634,-0.9757636419965772
-0.020754188110807446,0.117061013130076
0.3910405407236852,0.7325496877766637
0.1311723816918219,0.07564955131755345
1.7132031793369085,0.25719973046796263
0.06903027407195156,-0.13429532225635848
-0.18490325578559075,-0.9805211578948494
0.4995216127601828,0.5000883181116225
0.06161857560223297,1.2756583411922255
-0.3494344527558982,-0.5306549575295926
-0.6374118598183193,-0.06198842673235182
0.9710665068076572,-0.9271964180598803
-0.5244305183056504,1.8831650493567738
-0.8451858140295502,0.7014277996042463
0.2714783761953186,0.7434392742134837
0.547555526654801,0.39901170255126606
0.9574678816174766,-0.05226606325764218
-0.42544949143932664,1.2934321308521637
0.7949981776069056,1.0505123953240751
1.162985687151778,-0.6903178695106321
1.090006441265844,0.860632430491422
-0.4480915463590288,1.4566991628089772
-0.6826718394257045,0.09210080924163547
0.6500071177666227,-0.25317273006855173
-0.49032005094516423,2.174959738986509
-0.0598860594014092,1.028890594800065
2.516065344077281,-1.487476962806584
-0.3294335321118743,-0.12633027446408313
1.0128197632603915,-1.3402775417920971
-0.6299716100052768,-1.3054914402354605
0.9680970993434532,0.5507444211742168
0.09503640841680652,0.8112439493316804
0.715779782382483,1.6522233449670087
-0.08547108640149365,1.0242028629537951
-0.2717205329504011,0.8960351158305451
0.5858957176036121,1.0737652437509435
-0.7552052280247626,1.4288277330882186
0.18912273002257626,-1.0234671390117354
-0.4622406007418381,0.13825700735437288
-0.4545755164186472,-2.5070990278844327
1.5956733629074635,0.7319286426631356
-1.4684002569712917,-0.18338253531152862
1.0893463264586933,-0.9660520420509304
1.2974467637502294,-0.3322770850696698
1.6968844680763644,2.0527139643281105
1.6448525112775234,-0.11856829891631608
0.1253558956503066,-0.6726771716745291
-0.2862304438616793,-0.9991922308598084
-0.734720113511058,0.22141268357972674
-1.1069689055313994,0.26513487245798073
0.4008098852797382,-1.4128605141770054
-0.10993035741266419,-0.9105594400510271
1.056090176489533,0.7151471534010448
-0.004051127863765234,-0.8316994174729372
1.3160601246401802,-0.4462213797416769
2.1097712358609026,0.7087482213999302
0.5084684504748899,-0.5671464218281088
0.9096372912344719,-1.218014452045543
0.059466857924887505,-0.14653599895105943
-0.02189219287122213,-0.3931611131448729
-0.014449133321524907,-0.03447215702879852
-0.3402119252358047,0.274242425266661
0.5134489901566028,0.5331544066042221
0.6548872316336862,-0.6840555299321238
0.49708183535090894,1.0771264417364523
-0.1428519596318817,1.4515836300865952
-0.7463967372526452,-0.4536066299114936
-0.668117056015889,-0.6528426979328701
-0.8453333506390617,-0.07272805800821823
0.5754202915801557,-0.9181886598213087
2.129082118555214,-1.2761799300171166
-0.9769131565978357,0.3715923296663221
-1.368732780983647,-0.5494649249743803
1.089190798671339,0.03163434208479553
-0.941440910332541,-0.3143911644801881
-3.1059170519652333,-0.027973309990788155
2.141412027354224,1.6305323689987083
-0.8685545664422747,1.6799296800212202
-0.9780668910300037,2.6428523974069846
1.173727268213772,-0.46247221577052483
-1.174257579908328,0.01503299573220141
1.7436131089835485,-0.16608141851766317
0.5107626541378051,-0.6782797250045328
0.38765348771226227,0.21095992241495104
1.404426215358768,0.7175969790011589
0.08280579451883122,-1.04002509034033
1.565881973866371,3.581188709541833
0.4397800263636675,-0.4051502857412014
0.23951721189633723,-1.4074268187798042
-0.14553128523894956,-0.728968940088369
0.3873137022805167,2.0630055139812202
-2.641785403228086,0.13909521422408222
-0.1287986284067432,0.11460486720186945
0.2988456079179875,1.5961411147764963
-1.9156007780366302,0.5222222596806668
0.19469832465793901,0.9241741083090325
-1.3748063307869227,-0.2800450937361301
1.0499558196051857,-0.36009026816069134
1.453076781532123,0.29655696613522153
-0.6341940463070954,-0.0977380621018084
-1.668694926339442,1.4897478516728941
1.35027491825315,-0.9916559737930755
-0.45634134997144704,0.9225353093317529
1.175869527156547,-0.444035070125488
-0.29040718101791263,-0.5286021438830732
0.05212092001420859,0.534066153645976
0.6764428543459788,1.0129415339305436
0.5580446177550649,0.6762595202417278
0.42274537635019177,-0.48387506153940485
-0.2370299208454442,0.5796367192574884
-0.43900078369687767,2.1026599584000554
-0.5217189091833273,0.18833466042271685
0.052779310783608216,0.34892537401206375
-0.6251572990110997,0.0883075338028966
1.7718576267938493,0.4070599016055062
-1.4199939247538553,-1.0752038458578939
0.22778775475976393,0.7207864990542895
0.8780520430074352,0.057136512371244355
0.6659634255178363,0.42335048873540604
0.2807335255690603,1.6966665936634686
1.0568920874879189,0.6705884409854145
-1.4622849727488734,1.9324232006190325
0.0071805491310491,1.1709561773175976
-1.3730295228503775,-1.0399978597411697
-0.45114967010726814,-0.48671820045382774
-0.11204282606483673,-0.8197730685204062
-1.435229521888813,0.21673028222466229
-0.6535178051943331,-0.6959936909221198
-0.840959052594986,0.7045085352208417
-0.7574331108965711,-0.009644325953526956
-0.9765340072755477,-0.03584485713296311
-0.6189134537550742,0.41570626695757285
0.21033507464275153,-0.270835204157331
-1.8017914972107023,0.795153633516529
1.5172842589440345,0.3367825704153124
-0.6890274407190043,-0.15652955761868703
1.4869961193493622,-0.3056535544802342
0.5394148734963877,3.0056098534301747
-0.8791441497656206,0.44530810255947745
-2.605205809105252,-1.807184343044102
1.1354264204962865,-0.2192613308091922
-0.802751154541575,0.6450830537837637
-0.024002471861600237,1.0282353609381558
-0.20381516767808544,0.728756153961729
-1.3676757525506724,-1.2893082180205306
-0.6020041543823066,0.42192425796129385
0.22135354415179462,1.0237686675693443
1.305304150894685,2.389885446300499
0.7270930228738048,2.5491092626706524
-0.5837868756290182,-0.4153610076474874
2.7073864658842868,-2.1960755431488965
0.17443857868518037,-0.9136573806056291
0.45336586502023346,-0.6475972144020776
1.106838451447724,-1.817927064605235
1.0065529653572973,0.3671417455020519
0.21572620247908414,0.8781691483480399
-0.3133711792571624,0.5918046497702103
0.43272103735020956,-0.5860823830676298
-0.3024617489321946,0.23856942579304094
0.9897833919238996,-1.6504407527260194
1.0227555609692973,-0.9582730738552319
0.035688686827346584,-0.18065662153564155
0.909700975827215,1.2483862912541386
-1.4395530928088838,0.9328498645225396
1.647550042685843,-0.6420029800685879
0.3300028423389093,0.6582200974140132
0.3424194132751672,-0.5136838421853741
-0.8539853464676037,2.0801427397622354
-0.839442891822008,0.26359410979060643
0.6531498984735052,-1.6551255968243028
-0.11506353026325619,-1.2097191454183798
0.0554709917230826,0.24398513055923043
0.21671199955144113,-1.3410924054181308
-0.9836802102578186,1.1305472912974883
0.6434422999460027,-0.003209838863007409
-0.11786112897614467,-0.05151852271454535
-1.2297720211521104,0.07077572142817308
1.1720466696819218,-0.6022865235280963
0.6939426425146706,0.5647522793691129
0.6831742199056943,-0.6174287441808788
0.9533824187920862,0.026651286256984322
1.3084379895116136,-0.29670128315822186
-1.4835130109849357,-0.29940435301870405
0.11020557598392888,-0.4446347935009572
-0.6529179520283652,0.45788671896835714
0.8914496598549889,0.245538442361334
0.14028258354381826,-0.33800538307660183
1.288809907415372,-1.2134423841891002
2.5765025206635124,0.3453396054156058
0.8657645729877577,0.057830656237290515
-0.06108391499468557,-0.2827636179096694
1.660696237988325,-0.854560220990056
-2.0756577417209456,-0.6324859345139243
-0.46895947344131605,0.05040882648649926
-0.4507735248714171,-0.5602339407011351
0.8191781536510165,0.4202033973660256
0.19217265054089858,-0.7217661406947674
0.5947003392441387,-0.33644284022197424
0.49513871399205994,0.10625176050917962
-0.7249238247825986,-1.5087453984588517
-0.19784828810853589,-0.03303915373139024
-0.4636338219550339,-1.0165542947740174
0.8749189072253584,0.8444092767209221
2.0147599612792626,0.562493875820614
-0.9167115105196543,1.9804293542552438
-0.4518914535864425,-0.7204097446239501
0.15731777411507114,-1.793486248698015
1.751831547618604,0.6210255218657085
0.7963235473152793,-0.14655854503587357
0.1491419680299029,1.0252652414821548
0.4701111534531402,-0.21140115883724828
0.5067120049793208,1.8401989913310233
-1.0203981386812484,-1.2900220780990264
0.22485160966190051,0.7102768099812314
0.14525350700785164,0.15169383264815417
