X1,X2
-0.37436770498790023,-0.7521458633826085
-0.6165753848701849,-0.054088362588186945
1.461375631186712,0.40461909490249776
0.9395403635475575,0.7562628932877157
1.657659374282757,0.44821312045255685
1.4588091042659055,0.5548177364967016
-2.2363034595499705,0.21086146994646016
-1.4569807352975948,-0.5943181369422468
1.761135141267132,0.5814261954013916
0.5416194363216816,0.2411356888577989
-1.3555839311483104,-0.6271369666219083
1.2591869036926102,1.1162939991966017
-0.3534928687249732,0.07418100557522966
1.0778663814573317,-0.13573422022209292
1.071651313642879,0.9200044253143057
1.3124488035994284,1.3378310644302578
-0.2554174136800209,-0.08059282976245818
0.6387866724306994,-0.20882122150862226
-1.2776708597445752,-1.0510546161501422
0.3530593330913267,-0.08899148991484546
0.8078622930019788,-0.033499806026403345
-0.0651734631429649,-0.997636853662593
-0.27096231667212145,-0.4152053874334162
-1.3841398332504984,-0.4875719734056214
-1.6548820270830606,0.052855955853690295
0.3914800339612148,-0.16692895110267825
0.5462462990066074,-0.06364091595647753
1.2124373174540795,1.2283785170762822
1.0325503827601983,-0.2856005736143832
0.5859164736659775,0.3123117973704357
-0.8761364602382541,-1.0943102502043065
0.7462804426008028,0.46604105390914774
-0.11791692499792153,0.7356730666042999
0.8356822791475518,0.19409328142724616
0.7051692771081803,-0.23730926057500024
-0.5872084959488381,-0.39326853225398617
0.7005962883801481,0.8464455133343858
-0.10539111925433842,-0.5878320444391634
-1.4852451336090675,-0.34911507908654205
0.606010834770319,0.6075718756814483
-0.03002708870840365,0.724584848196095
-0.9820767222374756,-0.28243586396945114
0.12433401979924541,-0.0746528746116335
2.4143692886075376,1.2971639107390196
0.37392505532427267,-0.5625403582876676
0.1812380548483694,0.26585048793241556
-1.1038401808435077,-1.6599434723665956
-1.6220790162775112,-0.5418450924357414
0.10725914234781209,0.3476800323878335
-0.16100121414596824,0.9096562710591853
-0.1140874814488235,0.5313009107727713
-0.6803614993228198,0.6170580111372513
0.04147931210727651,0.8436395875150597
0.5334052076609771,0.9548618851698206
-0.18557819213165547,-0.8889764866468591
0.3259422183446448,0.9756318974207998
-1.2436731300500425,-0.9550753175414248
1.135071741111779,0.7712340855004832
-0.5579001888704003,-1.0209794334964257
-0.9096164474409978,0.4035859350584672
-0.1250650116171606,-0.26968430662814813
-0.14883408586077695,-0.30734031774008436
-0.6324329855868108,0.4346887500570553
-1.0577323501627311,-0.7083005501707759
-1.0684559523206887,0.14389754596812132
0.15716650952420316,-0.2899550067903273
-0.6564293120800992,-0.11841964145077821
0.5417136458720955,0.4187145680405231
0.6311574243434082,-0.6481173546386501
-0.034030091938528836,1.0200962402852807
-0.9017411010726941,-0.6583699359398104
1.549158184158051,0.8622255395014741
1.4233555146249561,0.1722312523485373
1.1577141455623363,1.0134053497965476
0.48842607945063143,0.6399933388730698
0.04656065950259802,-0.7202516455477324
-0.9577063417483956,-1.1922852326703266
0.23684916785915028,0.15691135413509227
-1.0862299167804341,0.6184592555307771
-0.7673130632744707,-0.4516047909836508
0.1549736927652915,-0.3787027535077361
0.9626973789707064,-0.03386341395190795
-0.8808743943104844,0.0031436588837409074
-0.6572619969382012,-0.2517181463231394
-0.34475664665776073,-0.4271598766944832
0.5176845650177533,0.3650654421363898
0.468915156889234,-0.466869514674064
-1.941734514366966,-0.5313187048982544
0.9614451051152922,0.03046509876404674
0.1694841204686297,0.1719561742608362
-0.06813685668203662,-0.8913627150782593
-0.9232626621712565,0.24385142840038543
-0.3422627636300263,0.7685093588110944
-1.087892045616739,-0.5156466565938468
0.4041252835557308,-0.13996336721501074
0.4155682265401519,0.13683814762031987
-0.9373602897645191,-1.3053534097202995
-0.37815825282136184,0.4654654760770721
-0.9778978060228947,-1.7731142794063426
-0.9015667445416984,-0.027943279217738426
-1.506760416138248,-0.7864915605249512
0.8117833404289195,0.5288143073525091
-0.21090526435877188,-0.7595703881336153
-1.0580496121529954,-0.22448548882632224
0.43977075958848644,0.2595146500189405
-1.1175276756675803,-0.7747704834594918
-0.7367101199820814,0.20297644549635874
-0.2410475588996855,-0.7194259291000287
1.433199871990029,-0.25037031370987495
-0.4114931225576757,-0.3693000504825852
0.8598138040110805,0.29455338082391547
-0.06261510048744681,-0.19054117567758533
-0.1381273257599639,-0.6154385092425787
-0.530426306873814,-0.5375162426568159
-0.23926881180938153,0.8148194866049988
0.27423420517207886,-0.5016867585072657
0.6691334784949436,0.6387183068203138
0.6125678510606034,0.2584463662560188
0.6268777969270396,0.5417438037525901
-0.5234818363143405,0.1358047193635219
-0.6517214630266307,-0.9784785484941977
-0.5122038397063972,0.08133600026110255
0.09545314244451569,-0.05584412067847988
-1.1161949077418072,-0.14968703375671008
0.7143937066806778,0.3160977738859909
-0.5234442639012445,1.006251631497309
-0.08941634454792899,-0.0908290975257764
-0.1931103696823136,0.36518301990137253
-0.11472621630220226,0.4150887680142179
-0.4462241976782497,0.034743481372700113
-0.2199083440410719,0.27771104021138177
0.26806505972157235,-0.8438529766917395
0.13415161347438903,-0.5989050522164494
0.8904697716597674,0.5444548502353028
1.054242974201235,0.7265478505608247
-0.20843741502379065,-0.2266126069352019
-0.10831298989017085,-0.6856966014974983
1.3315810718626515,0.3097881603288207
-0.29577009180123753,-0.15597618477991768
-0.2685068570801583,-0.22599313566052426
0.6976467274495255,0.30991171296516695
-1.2301009482642864,-0.991048662359624
1.0371324747607447,0.12557975504811614
-0.14988364910773866,0.4971211372253671
-0.02111886473816349,-1.2063821970016635
0.035950936792173094,0.7130655711084971
-0.7318854493069663,-0.8900389050243132
0.5060219692364203,0.06441670083161843
1.700121211046951,0.7278682110227079
-0.7742031813771204,0.4499228679057699
-0.7678335582349937,-0.5134765816653415
0.013028942246261055,-1.1833121847397923
-1.2121866248002453,-0.7390913320286325
-1.2983871515395977,-0.8858847122304256
-1.1661281134051906,0.7308413785785088
-0.649889270630994,0.1855666283956609
-0.19361101129959218,-0.36180690855924424
0.34085533230564835,0.16712169188728998
-0.6664984150553083,-0.04043369926464546
-0.27101792605075614,-0.730690290801846
-0.1885517704418187,-0.13526886870216903
-0.2533842538661313,-0.0036886486858419554
-0.23457801857205163,-0.509600490723013
0.32108615382509686,-0.338648851965038
-0.2342815375537537,-0.329289703810588
-0.8720084380055856,-0.2563414699126161
-0.5891607113389608,0.1940511559071541
0.4612885879573254,-0.20807696676753293
-1.7177334871970094,-0.7807526465823292
-0.6446336458540044,-0.580666808841251
-0.3391205241425377,-0.09280208910049881
-0.5529724131577967,-0.9891004247343583
0.44481668484037357,0.33950813820042736
-0.3264789611820852,-0.2555729513132189
0.046345961696792504,-0.6189954595847147
0.638544033211065,0.0043631821215887046
0.9039325894468513,1.7590475179221374
-0.0061547968624118266,-0.41433880186057004
-1.007158768888322,-0.18039354383506
2.1940365526590733,1.656045084227671
0.9222330338796345,0.031138883371164328
-0.21333325370529188,-0.32977779279449504
1.83001522010552,0.35452514727594436
0.8545916390281614,-0.58689661461791
-0.40095714899929463,0.1987957443488288
0.38047542785717087,-0.1591186827538268
2.124665651421858,0.8155915959179458
0.04164981099156695,-0.3402836495350931
1.178303848326186,1.1682131531652933
-0.26622771285152225,-0.7623353582003474
-0.2461574419878329,-0.5711832833031543
0.23966143712013233,0.6885559729491187
1.6436680056206712,1.5117489400079869
0.1379362597932412,0.4047308714102902
-0.6553176487970401,-0.3012971503260957
-0.7826661198700846,-0.7135602054374806
0.6128267282486892,-0.2489347112063368
0.006068943171958829,0.6946876314844295
-0.5716966093907692,-0.20034476870182277
-2.282547293054304,-0.26365455428567486
0.6876554493464537,0.4020159260601366
0.7780923964147209,0.12784575129213815
-0.24785453929277934,-0.5439621165931516
0.8514729100592375,0.13889182278381007
0.06475235470816032,0.5707115266836393
-0.009907165876178597,-1.1687875918095416
-0.7101540191751541,1.0474237326058655
-0.0377044149399271,0.9225747183064126
1.1011675478120482,0.05599598170597109
-0.23694155834347957,0.5733543127834947
-1.09094428936455,-0.17148192914830843
0.044038221960212565,0.06789940484856494
1.843573520264269,1.516333719180967
1.2010251407207182,0.20727710062933086
-0.9624182425183259,-0.3007594269776388
0.17724718075403384,-1.1343205922106432
-1.5087417299229982,-1.0100227034164955
-0.9065825227511253,-0.82231488489323
-0.5957030292383418,0.7821237544560733
-0.21995787299819777,-0.642825305137047
-0.5971056959687058,0.31867109899028634
-0.797808883320948,-0.08413527058223665
0.4936360190573047,0.3090073277222066
0.7873061042842117,0.2966662269087545
0.004261919646483314,0.08647818128902846
0.36028666520385255,1.0769822039748973
-0.2435890982791442,0.7479259646625682
0.9159900960056089,0.2624277599926266
0.47246203115405394,-0.24735940523343447
-1.5182356969245094,-1.062509440416121
0.5567226754326843,-0.5678728146642547
-1.5536593899104574,-0.7907162129207489
0.11794304836395819,1.241944689802197
-0.6875127097315155,-0.1292474894952022
1.011765339211864,0.20483090399141501
0.061941896210398806,0.5704705224742912
0.3188804258998845,-0.26166407044415674
0.48432445076588226,-0.521491400314992
1.0498609011334388,0.05640031820113778
0.017560972940131148,-0.17641915061759567
0.6371193949951541,-0.22811395717838612
-0.18606694928638767,-0.11807646476568157
0.10861181516285334,0.604237121836392
-0.2792678607292059,-0.1891098258293228
1.212157542135347,0.875871630894066
0.28648267358639756,0.663869294257289
0.7937972589312429,0.38382047018031096
-0.7840798689803575,-0.7595320611015157
1.187668017730349,0.19671529238200217
-0.7880555614129037,-0.795706650805623
-1.0483941042263463,-0.9728475330777842
-2.7027531161879734,-1.589785119751008
0.2119432210311103,0.07528192252614829
0.6217157655981066,-0.8219291368472702
-1.054326232029855,-0.6482107791660439
-0.30063190896681613,0.6140215464691907
-0.51395691796517,-0.15047359993500797
0.5386387495987117,-0.5097522351541026
0.6043675724007129,-0.04017764710340556
-0.1309332985560469,0.1279653124804243
0.20997574212895398,-0.7926215776824231
-1.1173511767951174,-1.2123392336984053
-1.1245004035815427,-0.742633019413989
1.4361883942898852,1.1953415163059762
-0.30804833251423913,-0.06743317450322578
0.2299573182807761,0.28387512965824935
-0.9729427273799283,-0.8515817658380769
-0.26873527865835695,-0.42389962413038573
-0.48972931149653065,-0.68313991961817
-1.160634732859638,-1.1701968582771594
-0.07887538840824504,-0.21057990413821537
0.6197230437615185,0.4117604621137159
1.50054624894181,1.5006903346756746
-0.8058033145339898,0.6208409503113952
-1.1062394383980212,-0.12351965323627928
0.4206187205405773,0.7063801963521653
-0.11273722012614297,1.3253304266614878
-0.15267370609587683,-0.09655308854818784
1.5844896579112826,0.31542952015843806
0.09471209451463419,-0.5164380045621648
0.6045293006558585,0.4051229014511488
-0.922590019377189,-0.45905564971828605
-1.1264168280498006,-0.1960788393165791
0.5816023273498359,0.04247736890542196
1.165716621089718,0.3431596011355542
-0.8102801126725143,0.2567515691886793
1.076680188161417,0.5323954147524753
1.0911595521203052,0.11160399060163197
-0.7202783544666173,-0.4587002796140883
0.7489501937814811,0.013794779267698669
0.7750710215552614,0.06675217221915297
-0.6436553658601438,0.22998364846535324
0.12494730914983465,-0.030128638433221333
-0.3061670251717451,0.13621857187804992
0.9624216246697412,1.5118931594630958
0.8900309543416023,1.5110748625173465
-0.881336800051078,0.20699339756632334
0.41399101629806373,0.10674463934218914
0.5682159481968404,0.20198326081348478
-0.17729528619803003,0.5909188644135508
-0.4098908851206636,-0.19749890044079838
0.5282403528992473,0.3266968742893499
-1.0846185194078055,-1.4023834973466687
0.9682803251674892,-0.1634700413258907
-0.5318685951981723,0.08695340699605025
0.3270653035652044,-0.19502457404438311
0.5158981794535296,-1.8314935510365462
-1.1686675735143393,-0.0860431761397833
0.0403834077488634,0.043018510689597465
-0.4607587008398743,-0.6455426806995129
1.7709256055637494,1.4370182711716923
0.3871647788229819,0.6209770120964809
-0.7244651640683692,0.09691779120170946
0.3431897857833429,0.19852502562403607
0.2425876703330619,-0.22488869326298588
-0.5806349138998456,0.08518331674773616
0.6442801800018065,0.4184065002263116
-0.725627275014844,0.7781293628384702
-1.0047931243632124,-0.41073405219892833
0.33456367762708517,-0.02297493542634594
-0.38500061299599186,-0.032614537326733584
-0.45213898254636287,-0.822575297493905
0.1847946057923011,0.3303630750931165
-0.22978237000184853,1.0828532378425353
-0.36386220192994223,0.06678807953213695
1.358920968557009,0.49116995069484565
0.7159911286354206,-0.046073263207397686
0.28192303206663416,0.33498304019049674
-0.6761633127892748,-0.9332698295177437
0.9131234133610875,0.849279573677911
0.5950201697425269,0.37750965487837074
0.5648955775002471,0.13181859399008977
0.5420434343870512,0.04353096451105243
-0.0857302500936451,-0.46949153963873125
-0.20463511727795558,-0.20144857954163542
-0.32780566878084255,-0.31652861113911496
0.5991703989187176,-0.33014319525707997
-0.12151940187230875,1.3853644018194282
1.256024009945052,0.5000018454282842
-0.09484978844487903,-0.7911895097813446
-0.8779200984497457,-1.0969640962161802
0.8795386766119673,-0.057530435381680345
0.7999667139098844,0.4499596475428314
-0.6306320143353275,-0.57662996885265
0.12764429265476768,0.16648889830532132
0.3722096502570614,0.6563233789939058
1.2077469245354482,0.3867537749795389
-1.3109304262602652,-0.6345139154406945
-0.7674201657306519,0.5731126856222616
0.5771884196127326,-0.3260119219943207
0.31705268350942356,-0.32922909635243647
-1.3163483415392012,-0.02768075984593702
1.4702340534508966,1.2391767930705007
-0.3505082013184857,-0.2824774173464214
1.5201540148853199,0.8970797958810859
-0.47938614366218585,-0.7534021703253415
0.3031128481144717,1.0138683665259967
1.151578867833555,1.9143704196327844
1.567336641937589,0.255067359893075
-0.3158255395581897,-0.3862411636043602
1.3025803688491981,-1.0435897026694971
-0.24332805824259962,-0.5022221612669437
1.5674575339450307,-0.37677204992385294
-0.9914557334807822,0.5984210665624985
0.2102362172989034,0.19084437969368992
0.7793239631221577,1.353482321108706
-1.0755500774566265,-0.7095901636445732
0.033067900537729567,-0.09150940994883189
-0.1388052959571403,0.2968943018339806
-0.5086640398162207,0.00922023941663691
1.236202072631551,0.22465343123257236
-0.6377737168858363,0.2379980476927258
0.07371740319605746,-0.38875977516124416
-0.8132398522684032,-1.0208088194399234
0.12032645972695047,-0.4173543091082678
0.23465832103785272,0.1134281906457294
0.8407755124114086,0.01266528931326144
-0.2685950482457842,-0.12082006022352831
0.1841686747097948,0.17484549787197656
1.0687906619972405,-0.7796557936398912
-0.06314036366511233,0.217882775641069
0.2649241126303432,0.5882955289461165
-1.2344054655227825,-0.6617650342280096
-0.8582109681438083,-1.0724262036930856
0.7105058713704575,0.3627341313920007
0.16635415449078883,-0.6256703808253813
-1.2964428417692442,0.17190842068223883
1.8426716262046463,0.8931303394296488
0.9054153156535979,0.40703302396529395
-0.7543391736474496,0.13550387465687003
-0.35571268712862736,-0.2856795006524946
-1.0470092601108563,-0.8640201824850453
0.5542370634132802,0.635502534331231
0.879341039069626,-0.08508677767124828
-0.8625135899601926,0.6997252232756848
0.9774078872068124,0.361150180592542
-0.06890340557703634,0.5347616098838837
1.523733911076313,1.0795260630112644
-0.6145454654636516,-0.6405340831638157
-0.08847690137163311,-0.03745992190163694
-1.020196229501929,0.6062187350146265
-0.011862791487238955,-0.520167310551336
-0.666530198560815,-0.8141001262785665
0.06505622355905144,0.6325107432277854
0.1777564298419106,0.43833455070909144
-0.7760990464049493,0.682575020845445
0.21495047946770118,0.21975263700924708
0.17899731163968702,0.5434451114412684
-1.2129375306030723,-1.03760884110985
-0.08727766438149742,0.03855763036089743
1.3750925937295546,1.2122629272889571
-0.174708042762252,-0.013672368240112032
-0.930770792114538,-1.2169847132640366
0.15906421143068036,-0.8607283089333106
0.15164861891144618,-0.25890772578416876
-0.6173459730807582,0.20838941173446707
0.5412094082597583,-0.11208469536356994
0.0017738827234889398,-0.17047967419723137
-1.0576791054079955,-0.31846935737909354
-0.18752985781473663,-0.7070180550520142
0.3966171802468451,0.025812009657125268
1.0526063775119798,2.0594204753911596
1.1929313062816636,0.7090839081900906
-1.9672288610702626,-1.2785551512299205
0.281771711413143,0.3863600063343148
0.4489995781918636,0.5038427690648762
-0.4851802894745342,-0.9022756574143929
-0.23288876220244958,0.11553928795334378
-0.37157107398424843,0.34651922984035255
-0.07716665672738748,-0.11029258517210155
-1.1017778849560909,-0.5817185821780395
-1.387347998420037,0.36960116761222184
-0.14092972736850742,0.27321278045168274
0.7110358954898868,0.5277798873014792
1.3642088207381837,0.33294620185976165
-1.1737207359151514,-0.38274523187715287
-0.12992616788827627,0.2557754197120024
1.3593491628679517,0.7792649943674301
-1.4601137984234984,-0.21165093241036737
0.08303364113739162,0.2305159281500265
-0.11565672691379408,-1.0096695579987016
0.11338945555183996,-0.5005240316647002
-0.9466830852434629,0.05855985628816396
-1.850488823000103,-0.6430683619809805
-1.3631919528379886,0.556615265469973
0.36688533757657044,-0.09997051369266773
0.46755119101189624,0.4097360121643282
-1.3371482269726527,-0.24732135001290276
-0.6306406374791627,-0.583230179194028
-0.23825777551287086,-0.33755176765344863
-1.6953881321401068,-1.6024104476784253
0.9426544878042523,0.3109242297843017
0.33116306869535594,0.6216362315381576
-1.4296032417570945,-0.663985579389482
-1.6469005705727542,-1.5245812532428424
-1.4109449950494557,-0.012550711277821702
0.5539241962665257,0.1346106746932355
-1.1989276199142676,-0.24563384196375382
0.12504048752971314,0.7354079866882732
0.392096327187502,0.041054018654665694
0.10497946653629969,0.5045907891043473
0.23047955181237958,-0.7041483349623475
-0.3124994092991632,-1.0545135295519648
0.19034098470862496,0.3870390707254192
-1.2534168166836257,-0.2814691076935112
0.19114174473858025,0.49800837373165174
-0.6661654698625236,-0.30474703959140925
0.540461435510599,0.43622008311784066
-0.9475995520672658,0.44549144423596587
0.0661921625444766,0.23241913409582865
-0.34889007216662965,0.32182183159409095
0.9825752137384102,-1.0210183839000935
-0.5349074498537412,-0.1484688437706023
1.9387268689559107,0.9521498421479808
0.2500161692687656,0.33445898178578637
-0.09188830329466224,-0.106244943923816
0.4230237643677732,-0.4254642192232319
-0.022737247803123806,1.0757993995115238
1.7363376514433504,1.2237340014346054
-1.1246326686185042,-0.44871874913390153
0.5290668049915855,0.03626099402345084
-0.9177412456746157,-0.7123587165443989
0.4109111225191697,0.6975476233513433
-0.7240823008484973,-0.4858106167658279
0.2778789877991903,0.2081793479405631
-1.1776644368537659,-0.842711758512938
1.2757792682542213,0.3798045004543583
0.1107371624209228,-0.09490755239577947
0.6166605679793837,1.0898123302455478
-0.9118153430553211,-0.4130977182653002
-0.20674504925639284,0.38645508129296297
0.1461885642188102,-0.10403558710483396
1.5804459362419876,0.09190298784274425
0.8055776052237016,-0.5731811199678221
0.6385902994050359,0.3209633235770277
0.37491596822082573,-0.03406499242692973
0.2703404354953392,0.6997111785056312
0.13650594693280094,0.15514811464901135
-1.33714057487095,-0.9474127933952785
-1.2199514741322537,-1.186156519267036
-0.6499242227123345,0.9684146856708146
-0.17528044637865037,0.2337426164610656
0.06797723783302406,-0.34760081833180656
1.1336965102127454,0.30557771537775297
-0.37121648669741053,-0.5574908673925901
-0.32336703880341594,-0.5774079651221589
-0.13398983399262696,-0.2857497815268788
0.555018059951947,1.6304771553694097
-0.2231897067123666,0.2777645399306604
-0.6563271917609683,0.3167355582232436
1.083456473871577,1.4823328134639158
0.028780646993194964,0.5849176908662568
1.3567862937452113,0.5821797851118449
-0.11933534555604719,-0.8553244067614537
-0.4067096887516509,-0.7735910999134183
-1.0561723971845707,-1.023926251401501
0.30982874837502006,-0.5142953629792002
1.12208446103057,0.5995491430068931
-0.646540475872155,-0.6106919714897334
-0.6073249578213296,0.9842458751448986
-1.0953505005179198,-0.12098971034001785
-0.5143692784203022,0.03592432147376157
-1.3256768664919827,0.9887956045810067
-0.004975109250956233,1.783255329956405
0.025411207761846577,0.6586436999797817
1.115714800456426,1.4142625690208201
-0.06186540927425932,0.7083424853606417
1.575066674855413,0.3066928466448181
0.259459070267267,-0.04832221798818703
-0.22279082314236925,-0.37921832468217237
0.21438427306290012,0.3633342201345119
0.07597249497170033,0.32702582927378565
-0.5745187804312952,0.4696533055091741
-0.38675157467778987,-0.2038728432331729
-0.008078866578081212,-0.02062920387621192
0.47499091370637814,1.2599320443046427
-0.8947525811745748,0.21451325136570698
-0.8217633220971586,-0.11773139747605321
-0.022691537848253618,0.5092031720289099
0.5019428965038293,-0.8363622766740664
-1.5409061461945837,-1.5496090454179896
-0.7355930534118719,-1.1279038233129415
-1.2060896100840552,-0.8100524016116887
0.01554429997004314,0.5251510744688164
-1.2212497274493996,0.09685928334225724
-0.8930511845306864,-0.29738155972741964
-0.31913136635748723,-1.14275598441927
-0.5444865581421622,-1.1936870944862892
-0.3847930733203411,-0.5373611658064221
-0.7976987518297736,-0.7952808067971933
-0.5154347712645206,-0.4783697974142058
-0.08538490206462279,0.031368806185751344
0.10414456022822438,0.042226423605333574
-1.503527388642586,0.21043603172385605
0.2561545382068467,-0.5303709125997456
0.05598436597177303,0.07029885735926944
0.2839520629199626,0.5538784946933348
-0.6988738865394833,0.19770755270672447
1.5047224703068236,0.4083638554193026
0.8179045044264717,-0.25310347875930406
-0.6835981062127731,-0.4846146612661571
-0.020826354457500473,0.40170773234213863
0.40311690344273116,0.3692129125745007
0.10966285011047283,-0.827171980802357
-0.5722096700793233,-1.5279322343541022
-0.9559906241306271,-0.2625597737897996
0.784659750987801,0.9834267658343498
-1.261772684017227,-1.1067941301623498
-0.08971442325482559,-0.6375378000497386
0.11063443624936115,-1.5933411517326252
-0.18094557948485043,-0.25485251550861254
-0.6609800725874009,-0.19056973876363642
-0.8891545588281379,0.3370214243814928
-0.23204413010015634,-0.8634492539322333
0.2554117007307547,0.23497436462145183
1.3685107618500878,0.4330408904904401
0.3865049486739222,0.09888881001664063
0.29896097303419866,-0.3658376495897949
-0.9756599321172903,0.06826825742580933
-0.06900303560929577,-0.07481697174071444
-0.4684401342259169,-0.6915201338020958
-0.9350132318114901,-0.6046260193140356
-0.1363977007225656,1.2569195107941202
0.7819065577482538,-0.48919743000924454
0.0022264899061158056,-0.1342601125172433
0.8486443890680238,1.1886752569738408
0.5157958818216732,0.844419258247651
-0.3095346501243583,-0.054698102103882595
-0.5497036155413578,-0.7735415521497488
0.11553588389896158,0.2139260124049076
-0.012417570301650915,0.41609138901754106
-0.48008204320896847,-0.8328837380754224
-1.3951248897969841,-0.016962270441250815
1.9172241825714698,1.5544083494863987
-0.28148559029951903,-0.7341322511162595
-0.42881059479740335,0.7121446051460444
0.2591928709487868,0.4301798613372469
0.2228390395186241,-0.5925456039045889
1.201527126209433,-0.09306930521736016
1.3628945549814784,0.5543934419402708
0.7915846962134846,1.230153438442287
0.2547234518222856,0.37240135339904024
0.23004058335921107,-0.7464725528724858
0.7967216305510931,-0.08128174414884774
1.123512551351755,0.8760964280782461
0.032251693990411945,-0.5807079945333662
-0.5719237140103328,-0.6310035397390564
-0.003969471314996698,-0.08718454096801942
1.4491317400626964,0.005319468706624142
1.9352083153001285,-0.500237543783994
0.6504511197612973,-0.07844922719040474
-0.3649260515201883,0.5621952524212743
0.7237030384058625,0.2521009922520546
0.9769240754221686,0.23800416552760567
-1.3115494451642011,0.25439738002085155
1.1686836321190959,0.049121417247957266
0.5148442780952488,0.19159018943442835
-0.12656553832849324,-0.27687118186559867
-0.8112734431023974,-0.45308652426962165
-0.38146496921984585,0.9195227534536702
0.32852495844761503,-0.4870162250920648
0.2460844183052282,0.29109505649363776
-0.9401117446671958,-1.0245652276931396
0.2586547571639779,-0.2168235199339228
-0.2394432130211565,0.2118991277212054
0.2984025495689808,-1.0732964942712653
0.6259219207654912,1.2056594972453512
-0.26407466428991033,-0.5497042748794896
-0.7383220551754297,-1.342215395885649
0.657517717652399,0.30040507118892323
0.44957558608673126,0.5592976778720626
0.7172724161243742,-1.0072115238056254
-0.3506421615340072,0.7179662970939895
-1.1135849854995064,0.3927296658928785
-0.3985139125036673,-1.4255959694140983
1.184553525921115,1.1448830703601396
-0.6699726931936829,-0.3916340350960319
-1.407607300193104,-0.43099736228049557
0.234546011080996,0.6453351519512401
0.2335243337424645,0.0914867585783179
0.319267909109627,0.005977888014662813
-0.7307752431383304,-1.3149211387247635
1.1012529212608424,0.20405889578255734
0.2975774910390022,0.6027637573925095
0.6844702189813893,-0.20650798483287164
-1.170423692079479,-0.926319645749798
-0.15686473705922088,0.5357589808732198
-0.609327843128178,0.11515992457890922
0.33081684696026015,0.7296064588861098
0.5274822905423463,0.1157100554109957
-0.44322640642689926,-1.322348986934956
-0.08597701902209454,0.08560999388323187
-0.9995190035422061,0.797569744890688
0.7767747989967457,0.9724524723172999
1.3732261411610363,0.6595163691930936
0.12505673106737816,0.9636505951546217
-0.17242828709924263,-0.00918221117771556
0.3882989422352727,1.20535056109077
-0.23406737626047353,-0.8915522236917084
-0.7518027325943472,-1.0651804476409525
0.24641302195113662,-0.1742626744161727
-0.746531681394081,-0.5929839681167459
-0.32360490697662514,0.14402932650080608
1.3304974767222009,0.6869121740847253
0.1586358462941606,-0.30351581998587107
-0.29312185543567176,-0.5310536736428967
0.5139066291532189,-0.37985361449532085
0.8332585035474338,0.9351436220504383
-0.15125481883506198,0.4380217864129299
0.09720583426274741,0.18387302586621004
-1.6185131810354125,-0.5501267791164158
1.9319769855458473,0.8429243683216776
0.6979860795672093,1.4276931763959935
-0.6528417911556383,-1.3354334371328038
0.775407668474078,0.21447485776654807
0.05739787469686536,0.3296173746794514
0.04326292102359264,-0.21491628371382743
-1.3386336267929224,-0.9390650547069991
-1.494430068293902,-0.3546568585561145
-0.008745561190965317,0.10103599487366616
-0.6741689892266403,0.2619903133544641
-0.05302727309341193,-0.5025547396909181
-0.42526826756457925,0.5036555872888698
0.381226349736251,-0.4715558155795599
0.18110524248318616,0.19451612205569346
0.28926833998507995,-0.2316723470271541
-0.3411930672550304,0.4391409754822495
0.02869113446701373,-0.04598018969542075
1.2424904694240804,0.3575754191039243
0.36320240292419326,0.3600505877816724
2.0054105965998947,1.12553000744442
0.8819943203793317,-0.7993590271856283
1.4898965364692451,0.7403142482411275
0.659768794608623,1.052018495305495
-2.3772543430844446,-1.7148052540842413
0.6857482062220134,1.8170586978861971
0.4268785953077149,0.6763917437262793
0.43592132216415125,-0.6565442479111606
1.1680183778976867,0.4338997116691026
0.8156489032231103,-0.2657886889884782
-0.2537580875464067,-0.3924859617215999
-0.15289165278608507,0.06573205332202892
1.0667995387458202,0.3605895094088355
-1.2299551005187046,0.09189507045313072
-1.4227788871563378,-0.01278075893009234
0.28947299158692635,-0.17441245821814108
0.9964553258507218,0.3891549509744752
0.45734764632963953,0.46813084572489483
0.42815659506194026,0.3854508789687665
-1.0973250662859235,0.13636001647437634
0.8992983181108433,1.3334901238695624
1.0124732487418353,-0.498472654467338
0.3809590205832224,-0.8289020858122713
-1.0263752701757487,-1.0981408714510246
0.10182413921463591,-1.1417056261612415
-0.9372090257383412,-0.31884923184900776
-0.3454302050445268,0.17559095311455208
0.859563956518752,0.5624628968864478
0.29840960210365164,-1.215868361586704
0.8920986003484832,0.6842497758012815
1.6311721251036841,2.093051395440429
0.9401783656998134,0.2962725234143252
0.8449226881997614,-0.4409184446743289
-0.17813963334744035,0.7694340650577619
0.14183086504104184,-0.8507097747888513
-0.34082052326776363,0.07377276195124532
-0.39016660211001997,-0.45329558069174114
0.5050602169156249,0.048191546523188356
-0.5167907165203323,1.0295893624672976
0.4022308996926353,-1.2612637307067143
0.24574204504045075,0.377551877490914
0.9226192382455983,0.5258374561201626
0.6328869345992877,0.7231545498757675
-0.7864833944911434,-1.1583220510649515
-0.793486188349491,0.11067492969803389
-0.8284733032007077,-0.16894235056112075
-0.04444080599868819,0.27124020632192614
0.15627076565394446,0.3238038555391342
0.23404640449785033,-0.35037810877817055
-0.2837911920064499,0.28283333295029395
-1.7459988161826272,-0.5440774859744748
-1.7559770509499173,-0.3735330736536206
-0.8594240389619234,0.2346733262286269
0.5120715717198054,-0.08182673155421472
0.8428678376477452,-0.07555578115702033
-0.6687457568615764,-0.7202774127195526
-0.5039394566198507,-0.026139410153298986
1.8306833118549062,1.3620508404420124
1.226045362622587,0.3464490767282758
0.5797834824846468,0.8269017244323127
0.17572544019272163,0.2145455992765376
-0.2571522356690002,-0.2870250975909655
-0.5947505604929019,-0.09131958256392714
-0.6989422855022389,-0.12130635850273547
0.2882927538755159,-0.04417654198123255
0.2587371122656009,-0.021115598509001077
-1.123539774441229,-0.33622580164591187
1.2651953447788318,0.8096602121754267
-0.15103432861735722,-0.5840215724626351
-0.08445463280713213,0.25969964135880413
-1.33544325170664,-1.0277353970517267
0.7145869271100604,0.6321638871247577
-0.3424314874247845,0.21670042247401192
-1.4058146615209552,-0.536859578740182
0.8719808694701341,-0.6356848670229563
-0.7038665348544816,-1.376861823788018
-0.9695424388211746,0.0991233660977923
-0.8246155809337443,-0.5346508418554365
-0.003953210908505422,-0.7648591981996445
0.638534274805468,0.7331077004333656
-0.97069566608108,-0.7141114467611216
-0.0184166470544615,0.7244342212947752
0.29149532711551707,-0.2737827150329406
0.003887872733183806,-0.44686752530654816
-0.48763885112329636,0.6606937768895371
-0.8097137320666381,0.5669414688904422
0.28229565600809947,0.8190946017993888
0.7989256887607986,0.430695813097386
-1.1025699450172115,-0.14570691546030223
-1.182584823973162,-1.1937406106101611
-0.5012094304567886,-1.1771876857784134
-0.4634139226439087,-0.5696496165192446
1.2077866570170435,0.637551279319915
-0.32137373905458677,-1.0935381103265087
-0.5037248149989013,-1.1018082728760084
-1.1173951266737019,0.7959522773507648
0.9805963358680448,1.1330062419374356
-0.8859329014027837,-0.38280490851332105
-0.8856648787856132,-1.0175066376940949
0.7134833198235093,0.5471301705439494
-0.777535463524358,-0.008161381443173688
0.3763532775329801,-0.9329866612279339
0.809189396731486,0.9357090776269787
2.261679760525304,0.5179684070194398
-0.28910332906558567,-1.320200558876878
-0.721984444344441,-1.083325702587452
-0.4598600287690755,-0.6429237086535176
-0.5015581682014217,-0.8682582231627867
-0.4311805109863832,0.9715239054442346
1.4986406412891746,1.2636469072629586
0.16627086652221146,-0.6472716423757902
-1.0083865900415745,-1.3680501776969223
0.7960484635749112,0.1480971147452247
0.36141435582962755,0.3530276298298728
-0.1265786520427808,-0.6884444690534748
0.28997718879306816,0.6062765909615486
1.1463878840628252,0.7004582144586224
1.4758539475980377,-0.5053789655246765
0.9919805463707875,1.1309510120776078
-0.020959981842205044,-0.2621026623277474
0.013837095081417394,-0.9837146851877341
1.4554818465145782,-0.2979423179542855
-0.3527919362584978,0.1036592288865148
-0.5070275144602867,-0.30168710005664395
-0.31110987138269586,-1.4976259306281163
-0.2857888699111958,-0.05743761639980416
-0.5310814664733612,-0.12866947572009968
0.6371836646633802,0.28052287284560473
1.056762821605494,1.1875050468080057
-0.4244092270313378,-0.4156256685786541
-1.331278080703235,-0.45284107298531495
-0.6987911501158617,-0.8631727663725537
0.549384545098512,-0.2926347815831193
0.009729245936197423,-0.48514817286536205
-0.5396448725310954,0.04913893372169181
-0.9152910832432462,0.3898605732634803
0.3543748525766309,0.2880387296475667
0.28244485230950744,-0.3515563867725757
-1.3821788260122276,-0.5408340927254915
0.3227262019231077,-0.8382414919762724
-0.4668862276700355,-1.04096164953009
1.0198590018768094,0.7415056664088175
-0.8335518277461046,-0.507594341443707
0.20970814056666776,0.059914095700171255
1.0695203131355306,0.13992309095210392
0.598837523482376,-0.1498500012764305
-0.9821406720938896,-0.4102832885260931
-0.28148793590066656,-0.8255170796860949
0.12312928580981586,-0.5513437093572138
0.6281583482723369,-0.44304634089758976
0.4909659744089213,0.7582678170218159
-0.06529446680169226,0.438732069198679
1.325868569308542,0.1191776375844491
-0.18475474923810525,-0.028854740565158243
0.6189081954018036,-0.09906665310759177
0.10086609697087923,-0.1950004948231383
-0.23574827558429257,-0.7365034503015566
0.2947964751528068,0.8712125703174824
-0.16678090954764216,0.5691772592736324
-0.0537879603831371,0.04087275421637084
-0.7621451152916277,-0.06915085082530426
-0.5339824590619162,-0.49035994447632897
-0.2211083188304524,-1.0023143137207584
1.0980655712856786,-0.32803337947145517
-0.5635717280771579,-0.2184764961779062
0.20295444974017168,-0.278175371973608
0.340006134417866,-0.3584186657314671
-0.2626269663977233,0.12563561760216269
0.06513739371241845,0.14187297530221143
-0.3646115956620843,-1.3880095777925892
-0.23902984373830116,-0.19408038026693675
-0.5917926991630741,-0.9177097998462217
-0.6220416771360615,0.2744821356458661
-0.1773318315226433,0.1339155108838782
-0.29002194717972307,-0.4071002881217942
-0.9635904181521476,0.19699526117101884
-0.7372134048081447,0.15647940920817044
0.31526582510158263,0.8971844607976389
0.3414979228405933,0.7212875649829065
1.3900575566974664,0.33515449411435566
-0.7147196751411785,-0.16052862151119285
-1.7589592259213782,-0.14332453750369278
-0.1704534990908919,-0.1707359035406052
-0.902423771990202,-0.6057612789441378
-1.06676846758215,-0.5508637837727319
0.22286866673720307,0.8330907696817391
0.9439326582961223,0.20343591257792648
0.18541546609240828,-0.023209896496263593
0.26556714507249823,0.22447271841403946
0.10325602540310483,-0.5585946246644212
0.20135398226257772,0.5306010222545823
-1.6365168985291387,-1.7053090450140105
-0.22791663584402988,-0.5669731509002942
-0.6456107090950222,0.9132989112333196
-0.0438503207665083,0.46986967630580945
0.2083862259974203,0.7473497799355477
-0.0398580912417934,-0.49842667007246333
-0.5678907912278752,-0.24193980298721562
-2.258969740437176,-0.2831653055548874
1.0405380614352102,0.6030685210377817
0.855080968258271,0.13693019028309217
0.3155057257535745,1.2721647734599406
1.4410130288806378,0.3070253061063893
-0.7830294143217105,-0.5745186417815171
-0.5679793961430813,0.19018480475775057
-0.23905029220801266,-0.9576359641694909
-0.9933535200860613,-0.7954669187254133
1.4375330211201989,1.1163298918091737
0.7268443085490213,0.49812628073274423
0.006175549222146831,0.9107399787299266
1.5431017653935046,0.7189329130636392
1.0143692631318828,1.137132573152792
0.13859206764022353,0.48668963535249893
1.7395408642370382,0.29981596291660073
-0.5148421392607061,-1.00528882988437
-0.48529775796368074,-0.8132128232247431
-0.300707960646715,0.38716747196540824
1.307226727196369,-0.6180525528255596
1.1175653131378032,0.21876956074003673
-0.21624300403018368,-0.7396885871282963
0.11469699200626592,0.32736092778208775
0.6297894760370537,1.5529964041858937
-0.15825556015198877,-0.46219347874399147
-1.2252681948625597,0.38270755649442195
-1.106935787562214,-1.0045670591518636
-0.5008125879126324,-0.5495207042367515
1.080835745433326,0.5355920167371989
-0.8603533348506933,-0.4917939688581261
-1.2313219510767104,-0.534616493443392
-0.9849102248179775,-0.7855632956414241
0.423401647573403,-0.046406458872809586
-0.23376752508391319,0.5942306160655217
-0.439880627666502,-0.5829752466985529
0.8769883855794955,0.964412935672575
-1.5849685569008862,-1.3661683537447344
1.5331634499266948,0.2748855320828281
-0.5381920825960578,0.6719489077196359
-0.09819416484900767,-0.09417665337063563
0.6748571292979095,0.39437291296570615
0.8539115041627834,0.6169770422957417
-0.08612716940293252,-0.6725098046366659
-0.7930117670071426,-0.3230153792879933
0.10947419147354798,0.14165227143325876
1.823142279869641,0.6587238094117358
-0.05726535074130035,-0.13495525860719537
0.4130153589662533,0.049354902876608486
1.2629335916433364,-0.8937169275403756
0.6052231083730236,-0.11392849269559119
-0.6201998748224908,0.08179081239362201
-0.04728738496922846,0.488053185289306
-1.4700975668061558,0.004506413639129805
0.929479054653176,1.2722275670225593
0.16578903197887174,0.21850098291242703
0.06795183298074824,-0.13068018597101233
-0.06857885404189146,-0.24995252105674481
1.011852994791126,0.8423917572520598
1.5084118292037936,1.586609669403549
-0.7482086640206591,-0.07939669781182634
0.1414803979905368,-1.2516691100578856
1.205270819753307,0.49301378305693977
0.3765131483243185,-0.8663956086242324
0.6620405600033519,0.8424397499496971
0.49152374832725443,0.7137319983532094
-1.2434921585799796,-0.9243136296109764
0.23690679995668995,-0.18128830266877016
-1.6665315840047392,-1.4167805527594985
0.03338219440332124,0.532983314245113
-0.451814716754485,-0.5773771382826199
0.268455799392045,1.078340982184879
-0.16388144090622503,1.019901110196381
0.8956779409829065,0.5526000356771674
-0.48984215767948885,-0.1614717026645791
-0.1461298676892806,0.24019486753663066
0.07972353552452494,0.3753099013173715
0.9502237591615119,0.047772018069026256
1.17643667169699,0.8482873438635792
-0.35492428059004666,-1.2069079486979175
-0.6103997469845378,-0.7685394612448742
-0.4150289472800752,1.1006330821037278
-0.4329849499880756,-0.34164674926359884
0.6251971704216254,0.6522701448576108
0.3340127024458146,0.8613758175711834
-0.16978238120034028,0.9790829178051454
-0.04303553696242779,0.825678245550598
0.859285025165106,0.3702060755062392
0.2395953604497213,0.3486211779489402
0.5656020415957946,0.842090132331703
-0.672227903906332,-0.0995860024679861
-0.34449747444459555,0.4195057871275265
0.996326597134025,0.37180063309846545
-0.8205981113352123,-0.2061226720572959
0.1952495841509197,-0.17190273962683564
-0.11641548385506706,-0.7294998600084267
0.973154648627717,1.0000920977133618
-0.9002875847170952,1.091094230883597
-1.466254273443197,-0.26719167850401626
1.8463480675755546,1.109712872768151
0.6092075681334707,0.3472404079296851
-0.4878226703035268,-0.9891868471690157
-0.5191756587712684,-0.8356731488207971
-2.28674317384879,-0.9539495159372173
0.814928163111215,0.3969264473860158
-0.19961045664396249,0.18746902177455804
-0.4906483674552586,-0.8280188543593192
1.2883589635581933,0.8404192353695392
0.4950731360290027,-0.0004744164618679658
0.9132839966522939,0.6785395275902071
0.9037975972042689,0.8204884173574607
-1.6007293367068667,-0.7129869433106537
0.6394281158605334,0.10532524569805407
